device_id,global_order_id,restock_date,currency_code,total
device_0749c361d8ac7047c2f98fbcb2eadd16,05f46e618fbb92810f9eed53e2f55a73,2023-12-04 18:09:57.986537,USD,359.58
device_65ae7ea424c57d46ac409256fe359349,9af13752287b4011aa8c67572db4fe4a,2023-11-06 15:19:35.630031,USD,344.69
device_af645ebf4c96eb6e430529a2a9913686,c444a49754db44199ee59310ab427e53,2023-05-15 12:10:01.056616,USD,338.48
device_0749c361d8ac7047c2f98fbcb2eadd16,08dd5a4c6a1d406a3d7f5f2c9f63e752,2024-01-24 15:04:48.844780,USD,43.08
device_0749c361d8ac7047c2f98fbcb2eadd16,9bfc4033193d4556360b4729fe25e75c,2023-06-30 14:29:48.834370,USD,177.15
device_65ae7ea424c57d46ac409256fe359349,97d9a03fa0bc8a80934d68b1cf84f9d5,2024-01-15 15:14:41.787405,USD,328.38
device_af645ebf4c96eb6e430529a2a9913686,f1006b3210bda9868202505d75511927,2023-08-09 15:14:42.548604,USD,263.74
device_65ae7ea424c57d46ac409256fe359349,ca8c41cb8939aa2656705e3b6c187c73,2023-09-25 14:49:39.550159,USD,363.9
device_0749c361d8ac7047c2f98fbcb2eadd16,3a56d92d6647c97a7ef30794508d5df3,2024-01-19 20:09:38.839399,USD,292.4
device_0749c361d8ac7047c2f98fbcb2eadd16,c4ecd97cdc5138c91bcb1a3769dd0bd5,2024-02-07 15:19:56.368352,USD,66.96
device_6726f2a054f54836aaabe8c7643286bc,892f3c884ebf261fc48444f33115263b,2023-05-30 15:15:46.247780,USD,459.95
device_af645ebf4c96eb6e430529a2a9913686,27c8990796a4b983a467fb39abcba37b,2024-01-26 16:34:39.226308,USD,267.79
device_c287be7e02167387bf9e7eca061ce5b5,69f9875af9cd8a02b4b38bd6a773dd05,2023-07-19 15:44:43.761923,USD,172.32
device_af645ebf4c96eb6e430529a2a9913686,2163bf8e6a1f287a8ae6901f272a80e2,2023-08-15 12:09:37.947611,USD,398.97
device_65ae7ea424c57d46ac409256fe359349,120f5ec170c9d276a05627d06537426c,2023-08-18 14:34:34.190428,USD,156.51
device_c287be7e02167387bf9e7eca061ce5b5,dc1034c9adf7fbf2959f9ae9c5885941,2023-12-29 16:09:43.552639,USD,302.47
device_af645ebf4c96eb6e430529a2a9913686,1bae9bebb9d924a46b4ad3c9c0c6807f,2023-05-15 17:54:43.673656,USD,338.49
device_0749c361d8ac7047c2f98fbcb2eadd16,d444f2df40ac83a3fece5bd3879cd0a8,2023-11-20 14:59:35.004701,USD,323.59
device_c287be7e02167387bf9e7eca061ce5b5,6ffe3eb4919caccd9a94577345ded4f4,2023-09-08 19:05:19.371760,USD,202.56
device_0749c361d8ac7047c2f98fbcb2eadd16,538bd79fb3bf0c8d42f2a1322dff15f3,2023-04-10 14:19:37.506365,USD,171.87
device_6726f2a054f54836aaabe8c7643286bc,f3cff01bc432635cec9e56f0822beae3,2023-06-30 14:29:41.833005,USD,247.7
device_c287be7e02167387bf9e7eca061ce5b5,179f57fce8d29eaedda027d5d5b2e5c5,2023-10-25 18:14:52.713055,USD,235.28
device_0749c361d8ac7047c2f98fbcb2eadd16,6a21d92dd6831aa035103097d90bd6d6,2023-12-13 15:19:42.501022,USD,252.54
device_65ae7ea424c57d46ac409256fe359349,0f538c89009d76e8ed9eb4162733e6c3,2024-03-06 18:49:44.415806,USD,199.01
device_c287be7e02167387bf9e7eca061ce5b5,3d21d4c792b408f06623150cc3e9339c,2024-03-13 16:39:43.876433,USD,24.04
device_6726f2a054f54836aaabe8c7643286bc,1521e889fb733c90e8c878365df69a2a,2023-08-16 19:24:41.820637,USD,274.64
device_af645ebf4c96eb6e430529a2a9913686,778e28cd6458076ea7b4492aa2a2bfe7,2023-11-13 14:44:33.818381,USD,394.44
device_0749c361d8ac7047c2f98fbcb2eadd16,2ac79f076ea4d89ec0bb8cbb9593267e,2023-06-19 15:54:37.313618,USD,253.01
device_af645ebf4c96eb6e430529a2a9913686,3415e7165e616afa8cd3fa9394f9c36c,2023-10-23 17:24:42.542354,USD,329.58
device_6726f2a054f54836aaabe8c7643286bc,3fe41dd39a7f3d37f01d0b4aea897de0,2023-04-07 17:30:03.609003,USD,366.68
device_c287be7e02167387bf9e7eca061ce5b5,f0913fbbea611a4124c725c6403188ab,2023-06-26 14:49:40.110154,USD,271.37
device_65ae7ea424c57d46ac409256fe359349,a93f7498ac3fade0b9857c3123c68656,2023-09-27 19:24:50.618453,USD,365.01
device_6726f2a054f54836aaabe8c7643286bc,9109a6bc0d4e5b7866c235297aff749b,2023-07-05 16:34:34.702405,USD,174.19
device_c287be7e02167387bf9e7eca061ce5b5,9ab5233511694f97a223d8cd951dad81,2024-03-15 15:04:49.005553,USD,316.69
device_6726f2a054f54836aaabe8c7643286bc,862fa7b7e9d5d60d47385b0042d6d779,2023-12-18 14:59:46.583364,USD,462.21
device_6726f2a054f54836aaabe8c7643286bc,470bc40c6dff722a17f41333ef5dc895,2023-11-06 15:14:45.313970,USD,370.77
device_65ae7ea424c57d46ac409256fe359349,e81a22d3d6797159f5be77a6439e6ae0,2023-11-08 16:09:59.980596,USD,217.03
device_0749c361d8ac7047c2f98fbcb2eadd16,1cf0bf34f9eccccc0cc0bd5ce2a100ce,2023-06-02 14:29:43.536295,USD,167.06
device_6726f2a054f54836aaabe8c7643286bc,001de73aa8e74fa41d3689e9829996a7,2023-12-01 14:49:35.078481,USD,318.3
device_af645ebf4c96eb6e430529a2a9913686,d8f96bb0a73cc2a8d4b4d251b81bb74c,2023-10-25 18:14:51.991286,USD,243.78
device_c287be7e02167387bf9e7eca061ce5b5,b1fda01833fc50ae630f15a786c1778c,2024-03-08 15:34:38.496313,USD,355.13
device_6726f2a054f54836aaabe8c7643286bc,c4679d9ba89777ee203d13c77d80970a,2023-09-15 13:54:45.137876,USD,191.57
device_c287be7e02167387bf9e7eca061ce5b5,c6f78c37f23923a0bc9e72519fbb5412,2023-07-31 14:09:56.250004,USD,295.11
device_c287be7e02167387bf9e7eca061ce5b5,7e14721293bc69a00eeaa10f91478d91,2023-12-18 14:59:52.094162,USD,287.54
device_af645ebf4c96eb6e430529a2a9913686,14917dbf7e836381e76f60c9b4ab0a7d,2023-11-06 14:54:35.570450,USD,398.74
device_c287be7e02167387bf9e7eca061ce5b5,5fcd8632fc58b5d5c811e974d0a359b8,2023-09-20 13:24:55.415718,USD,156.52
device_af645ebf4c96eb6e430529a2a9913686,1807263288edf469a3c06613be438e5a,2023-11-29 15:59:43.485172,USD,330.19
device_65ae7ea424c57d46ac409256fe359349,3b1d50a646a62f14c63a939cc4febc50,2024-01-19 20:09:44.468088,USD,323.11
device_c287be7e02167387bf9e7eca061ce5b5,d53847c47e6128b807e856fc46fc6c3f,2024-03-13 16:39:48.434248,USD,183.74
device_af645ebf4c96eb6e430529a2a9913686,7a21f4ef0f5fd726695e42860fdf6325,2023-12-01 14:49:38.787419,USD,253.0
device_65ae7ea424c57d46ac409256fe359349,9baff842a674930157035de65369f478,2024-01-29 15:49:39.628646,USD,317.85
device_6726f2a054f54836aaabe8c7643286bc,01362f5499629f31d8ba9f86d7183520,2023-07-19 15:44:43.000483,USD,217.48
device_65ae7ea424c57d46ac409256fe359349,da00f43ac0ea49b391b3f62b0a4bf6cc,2024-01-02 15:09:37.475692,USD,338.46
device_af645ebf4c96eb6e430529a2a9913686,07c389074608d94d7508e5e55f905973,2024-02-12 14:44:34.481596,USD,355.3
device_0749c361d8ac7047c2f98fbcb2eadd16,84ad9279d21e1631556b9ce7d1a8fd3f,2023-06-13 12:14:53.085869,USD,232.37
device_0749c361d8ac7047c2f98fbcb2eadd16,e5f4c3492a0a167ebd6a5d75c8c284f4,2023-09-11 17:24:39.809574,USD,253.0
device_c287be7e02167387bf9e7eca061ce5b5,02dd3c4da06aaa7e66d35c464f10b582,2023-08-02 13:24:38.400180,USD,75.86
device_6726f2a054f54836aaabe8c7643286bc,b9b3786c03fcfda2cbb0fb35cbfda881,2023-06-21 15:09:56.124777,USD,292.64
device_af645ebf4c96eb6e430529a2a9913686,87a0a0c8884f1754fb209155ddebd617,2023-07-07 14:49:46.567060,USD,210.11
device_c287be7e02167387bf9e7eca061ce5b5,49437cdda861bee6d991c3cd2469233a,2023-08-16 19:24:44.648379,USD,166.91
device_c287be7e02167387bf9e7eca061ce5b5,c79bbf5646129f41b6c4f34ab436c502,2024-02-12 14:44:34.975371,USD,356.38
device_65ae7ea424c57d46ac409256fe359349,e8c27f314075ecfd2196831a060e371f,2023-11-24 14:14:41.584220,USD,171.87
device_6726f2a054f54836aaabe8c7643286bc,8da8e5c671a8279966ea327c22121ddb,2023-05-22 17:29:51.263598,USD,348.45
device_af645ebf4c96eb6e430529a2a9913686,35367f0a9276a12e3073eead7f1dbbd2,2023-03-24 15:44:34.010812,USD,350.17
device_af645ebf4c96eb6e430529a2a9913686,affc3d38686f541aec6a348fa4274893,2023-12-18 14:59:49.506870,USD,484.65
device_65ae7ea424c57d46ac409256fe359349,75f2ba7898fd6172bdc560aab785ff17,2023-08-09 15:09:51.618373,USD,232.15
device_6726f2a054f54836aaabe8c7643286bc,c784d53e8c5f941a970f89c8da7d8b68,2024-02-28 16:04:38.521248,USD,201.78
device_65ae7ea424c57d46ac409256fe359349,2fc44015cd8109ec7858833b2ab974af,2023-07-07 14:49:46.136934,USD,292.88
device_0749c361d8ac7047c2f98fbcb2eadd16,72812f0815a203bbcd06d9a038a86460,2024-01-05 17:59:41.722910,USD,378.79
device_0749c361d8ac7047c2f98fbcb2eadd16,5fdb6d5ee98b93aafa02b6254c434112,2024-03-13 16:39:46.927139,USD,102.25
device_65ae7ea424c57d46ac409256fe359349,1417dcaa06652ade0a4ae9990f6cfb2b,2023-07-17 16:54:35.137029,USD,400.46
device_6726f2a054f54836aaabe8c7643286bc,5927f3967e48ae666d0fb9594c36506e,2023-09-08 19:05:13.768657,USD,185.61
device_c287be7e02167387bf9e7eca061ce5b5,67c20091b430cf7ce317728485a41bd8,2024-01-19 20:09:45.697923,USD,348.04
device_c287be7e02167387bf9e7eca061ce5b5,c6885f4d5df6d250d84cf2e04da246a8,2023-12-20 15:04:36.531089,USD,283.3
device_c287be7e02167387bf9e7eca061ce5b5,8e4fd6a938e5faa1d66449a0bd038334,2023-06-09 16:24:48.582210,USD,523.72
device_6726f2a054f54836aaabe8c7643286bc,6e2772dc6cf50a9d0bf8652e90aa9316,2023-03-27 17:04:48.792595,USD,374.46
device_65ae7ea424c57d46ac409256fe359349,053fcc8f7736994aa87d391cadcefad0,2023-11-17 16:59:51.020340,USD,226.55
device_c287be7e02167387bf9e7eca061ce5b5,90c48439bd0937b36e1d94d02d3a3863,2023-10-18 16:39:40.748452,USD,242.86
device_0749c361d8ac7047c2f98fbcb2eadd16,3c64c64a122d3a18009f113cf663e7f2,2023-05-15 12:09:51.017163,USD,353.82
device_af645ebf4c96eb6e430529a2a9913686,5491682e639cbba058fe79a00b042658,2023-06-16 14:59:48.456160,USD,429.22
device_65ae7ea424c57d46ac409256fe359349,f1c6a7a295609ca87a3694d10b96b4d4,2023-08-25 14:34:39.945809,USD,161.79
device_65ae7ea424c57d46ac409256fe359349,f0fc9b20e0508842f2e1fb5e15cf440d,2023-09-11 17:24:42.235107,USD,328.38
device_0749c361d8ac7047c2f98fbcb2eadd16,bc0698eb0ede462f226e33406c7f8f16,2023-12-01 14:49:33.569797,USD,131.08
device_0749c361d8ac7047c2f98fbcb2eadd16,630c8f4b2870c6cd422e87ed7652d978,2024-01-26 16:34:37.103337,USD,312.57
device_c287be7e02167387bf9e7eca061ce5b5,89e9bad771a62c172f6c6362f01845e8,2023-04-14 15:49:59.282301,USD,477.64
device_65ae7ea424c57d46ac409256fe359349,1ae1ed4027c1654576cbd615e73952d9,2023-07-14 14:35:00.347775,USD,138.6
device_6726f2a054f54836aaabe8c7643286bc,e81216f0e0cbfa5f416ff079a9f0bea5,2023-11-27 14:54:35.154825,USD,446.3
device_65ae7ea424c57d46ac409256fe359349,86c3c8af84f161e917f351b0e289581a,2023-05-19 18:19:44.010612,USD,384.08
device_0749c361d8ac7047c2f98fbcb2eadd16,ca7eba1a0e006f4c12850b3d92df4ca9,2023-07-07 14:39:40.386525,USD,288.05
device_6726f2a054f54836aaabe8c7643286bc,51d3f5c02cb02d369540dd319eb0c83d,2023-10-16 16:14:39.893995,USD,390.52
device_0749c361d8ac7047c2f98fbcb2eadd16,9a5bb6884efb5932b5712451405eb496,2023-07-31 14:09:51.937735,USD,344.21
device_af645ebf4c96eb6e430529a2a9913686,82bc2b647276fb3b8728cab988993caf,2023-11-10 17:34:40.067648,USD,283.79
device_0749c361d8ac7047c2f98fbcb2eadd16,99eadf4ad3831834bfd008f02eda098d,2023-11-29 15:59:46.960286,USD,289.0
device_af645ebf4c96eb6e430529a2a9913686,0cd75d6735b65ded49bbe9a3efb55b3a,2024-02-07 15:19:59.062715,USD,154.35
device_af645ebf4c96eb6e430529a2a9913686,df3a2a54c1c1e02555ef65381c4c30fe,2024-02-16 14:24:40.270246,USD,14.66
device_65ae7ea424c57d46ac409256fe359349,f5af4ac914161d7bacabf20d2db35ba0,2023-10-06 16:59:48.302376,USD,246.31
device_af645ebf4c96eb6e430529a2a9913686,c3a9d5ad2e77dcc3b0d252bbabb9fdeb,2023-08-28 16:24:39.112933,USD,405.91
device_0749c361d8ac7047c2f98fbcb2eadd16,cc73d6db38a9a7458f6565d9887cdb01,2023-10-04 15:19:37.617186,USD,232.37
device_c287be7e02167387bf9e7eca061ce5b5,d2f56ed104f691bf83891a119a49f4cb,2023-10-09 14:04:40.019495,USD,320.09
device_c287be7e02167387bf9e7eca061ce5b5,f37df4cbcb670c18a71c2dde0805bf7e,2023-11-20 14:59:40.911341,USD,325.8
device_0749c361d8ac7047c2f98fbcb2eadd16,60b441a7018bc4fbbf76e157f6c039f4,2023-06-26 14:49:41.991028,USD,242.91
device_af645ebf4c96eb6e430529a2a9913686,368d89265011a11dff7e12356935ee98,2023-09-18 14:59:50.986675,USD,340.31
device_c287be7e02167387bf9e7eca061ce5b5,4451509accb79785541470a0b9723407,2023-09-01 18:44:39.872002,USD,178.43
device_0749c361d8ac7047c2f98fbcb2eadd16,68124fd96a7fb63f34428181d5253ab5,2024-02-02 14:44:32.795433,USD,292.41
device_65ae7ea424c57d46ac409256fe359349,7d27b8c6e7401fa98f4c191e57d639f8,2023-08-21 15:09:36.565510,USD,481.65
device_0749c361d8ac7047c2f98fbcb2eadd16,4a07243fc6a1c6f4d21c93cf12c39734,2023-06-28 17:24:41.501277,USD,176.68
device_65ae7ea424c57d46ac409256fe359349,f616ddc03139f23a0f384415bfed662a,2023-08-15 12:09:41.675345,USD,380.19
device_65ae7ea424c57d46ac409256fe359349,904c6381654c462bf524b547205b75c4,2024-03-01 15:29:44.305777,USD,252.08
device_65ae7ea424c57d46ac409256fe359349,8886def6d8958ded1d208b324faefb8c,2024-03-08 15:34:37.663061,USD,292.87
device_65ae7ea424c57d46ac409256fe359349,95427595eb67640f602efc716fd98a84,2023-12-15 14:49:41.052537,USD,232.36
device_6726f2a054f54836aaabe8c7643286bc,dacf682d1c3b67d8fc3d35db31432043,2023-09-06 14:19:35.622586,USD,328.38
device_65ae7ea424c57d46ac409256fe359349,8e4d9eea1b88eb526a3fd3e464091b39,2023-12-22 16:44:36.268374,USD,181.95
device_0749c361d8ac7047c2f98fbcb2eadd16,ed03d79cc3a4287f2ca3c751c258d0e5,2023-04-14 15:50:02.485391,USD,339.4
device_af645ebf4c96eb6e430529a2a9913686,e716bbb92fdb365ca38edaf03206b3b0,2023-05-01 16:44:48.778693,USD,283.25
device_0749c361d8ac7047c2f98fbcb2eadd16,06fbe835e70e8d1ca138274762c36a16,2023-11-08 16:09:55.715609,USD,241.99
device_af645ebf4c96eb6e430529a2a9913686,0f330e68479240b647b4f863e23449bd,2023-04-14 15:50:05.381324,USD,376.25
device_65ae7ea424c57d46ac409256fe359349,a6c5b0b2f2714b68f9422a9343e2cb8f,2024-02-28 16:04:34.370269,USD,165.83
device_af645ebf4c96eb6e430529a2a9913686,d63e0ae89125f120ad7f51e80da9a5af,2024-02-23 14:04:38.012366,USD,274.84
device_c287be7e02167387bf9e7eca061ce5b5,4697013a1d34ee43d4a56c9698f4e1d0,2024-02-28 16:04:32.745010,USD,66.32
device_65ae7ea424c57d46ac409256fe359349,401c72a6e062171f18abe4dd67dbd4b3,2023-12-13 15:19:39.067229,USD,244.26
device_0749c361d8ac7047c2f98fbcb2eadd16,6cc8b9dc8d306baaa3796d335a87a189,2023-12-11 15:29:34.934802,USD,329.32
device_c287be7e02167387bf9e7eca061ce5b5,c3ee57fae36b390c31e1698ae7684c3d,2023-10-24 13:59:35.700298,USD,186.73
device_65ae7ea424c57d46ac409256fe359349,4b8de6d26e1c0a549369815229dfd7c6,2023-09-22 19:04:49.232631,USD,224.27
device_af645ebf4c96eb6e430529a2a9913686,77d181f149fa94ea244a6224090d152b,2023-11-17 17:16:09.398197,USD,254.24
device_0749c361d8ac7047c2f98fbcb2eadd16,753febac115372c34b51f53ae000d2d4,2023-11-06 15:19:33.876395,USD,299.07
device_0749c361d8ac7047c2f98fbcb2eadd16,90e72c7014a4a194aaa8fb4d0276d61a,2023-10-02 18:29:39.968235,USD,247.72
device_af645ebf4c96eb6e430529a2a9913686,9b7ead7776cf99390fb50477306590dd,2023-10-02 18:29:40.463774,USD,385.16
device_6726f2a054f54836aaabe8c7643286bc,094ba4aea2595029da2add9fa20e2441,2024-01-12 15:54:37.232639,USD,252.55
device_65ae7ea424c57d46ac409256fe359349,e94e346b9474b8dd138a3063a9cd32d7,2023-05-26 15:14:34.511708,USD,535.53
device_6726f2a054f54836aaabe8c7643286bc,9fa26dd55775ed0e9e21551222915799,2023-07-05 12:51:49.842120,USD,237.65
device_6726f2a054f54836aaabe8c7643286bc,01e1b0cddab40926beae5013e36fb55d,2023-09-18 14:59:36.860465,USD,293.49
device_0749c361d8ac7047c2f98fbcb2eadd16,ee85daa0558a7bc250c1ba2fb12a7627,2023-05-22 17:29:54.089066,USD,278.92
device_c287be7e02167387bf9e7eca061ce5b5,f714d8d9c2a1c8d8810ea2159688a866,2023-11-03 14:44:46.947708,USD,196.85
device_6726f2a054f54836aaabe8c7643286bc,4462f3d52b7df71c3059562f9ba9aaf2,2024-01-24 15:04:46.722677,USD,136.19
device_65ae7ea424c57d46ac409256fe359349,381c49a30e15af4bd0c382cb2b115fa1,2023-11-29 15:59:42.221152,USD,290.13
device_65ae7ea424c57d46ac409256fe359349,071cfecc3cf9dc5b45c2bc321cc8d717,2023-07-28 14:49:46.651972,USD,167.06
device_65ae7ea424c57d46ac409256fe359349,9ad1ce41d270b246f842ee0cb76757ae,2024-03-04 15:29:36.544284,USD,342.82
device_6726f2a054f54836aaabe8c7643286bc,ec6db4d7c643205da20522459f496631,2023-04-22 12:40:21.222850,USD,235.83
device_6726f2a054f54836aaabe8c7643286bc,6ed0c4c4929addafe2a1960a8b715a0a,2023-08-18 14:19:38.685398,USD,230.88
device_0749c361d8ac7047c2f98fbcb2eadd16,a58cf7c67af7623b7739ecb6b9b456c7,2023-07-19 15:44:42.184352,USD,217.02
device_0749c361d8ac7047c2f98fbcb2eadd16,23cc6842b0e03970f6a3fc3772cdb0f8,2024-02-12 14:44:36.825562,USD,323.58
device_65ae7ea424c57d46ac409256fe359349,d1d9190b1bff90a7bdc5c8316e563668,2023-08-16 19:24:51.753206,USD,304.78
device_af645ebf4c96eb6e430529a2a9913686,c1e70883f1efc6b8a3f1ed1ea6aa7ff9,2023-11-01 18:24:49.026728,USD,235.78
device_af645ebf4c96eb6e430529a2a9913686,1272d7c962526814f75fc14b805c9f64,2023-06-08 19:59:33.541958,USD,410.73
device_c287be7e02167387bf9e7eca061ce5b5,07e0c0e5b9b781d66587ec81c9e0e9d7,2023-06-16 14:59:50.276779,USD,318.31
device_6726f2a054f54836aaabe8c7643286bc,20568814e83dfb69eb5d62317b953bc1,2023-12-13 15:19:43.048476,USD,294.66
device_af645ebf4c96eb6e430529a2a9913686,9234d06add2a7ac4eb09ef3e97645b5c,2023-10-13 18:04:41.845806,USD,237.45
device_c287be7e02167387bf9e7eca061ce5b5,5072da861ad77e952620a6a28787367d,2024-02-23 14:04:33.994088,USD,307.75
device_65ae7ea424c57d46ac409256fe359349,b2fe8dc80b615c7c81c8e5b792dd2c7b,2023-06-16 14:59:50.946593,USD,333.65
device_c287be7e02167387bf9e7eca061ce5b5,00412df758a100883a233f19187a8795,2023-09-13 15:39:48.295126,USD,255.62
device_0749c361d8ac7047c2f98fbcb2eadd16,20d53fc3fa7ac5bdc021eeb57b77765e,2024-01-22 16:04:52.990961,USD,241.99
device_6726f2a054f54836aaabe8c7643286bc,c617fd11465d7b99075f0f8810397569,2023-10-13 17:49:35.222617,USD,242.01
device_0749c361d8ac7047c2f98fbcb2eadd16,4f20d9df209bef8deebb42ef571143d8,2023-08-16 19:24:54.743401,USD,177.15
device_0749c361d8ac7047c2f98fbcb2eadd16,5c02c6986d09d60abdf5692562b5649b,2023-12-29 16:09:43.156625,USD,227.1
device_6726f2a054f54836aaabe8c7643286bc,b105549b79eeb7004798be1c9bdcb562,2023-10-04 15:19:39.012977,USD,235.98
device_65ae7ea424c57d46ac409256fe359349,e81ccb5fa9dfb3114b962debff4935a4,2023-12-20 15:04:33.108156,USD,238.14
device_6726f2a054f54836aaabe8c7643286bc,43f1fe4a46c67d0c945b071186166015,2024-01-05 17:59:43.046685,USD,374.02
device_af645ebf4c96eb6e430529a2a9913686,cdb9caf6f3bebd39f1bdf85ee3a2515d,2024-03-15 15:04:47.527697,USD,302.5
device_0749c361d8ac7047c2f98fbcb2eadd16,89e72e8135fb00580e73ea936d833b2e,2023-12-27 14:44:34.372773,USD,328.85
device_0749c361d8ac7047c2f98fbcb2eadd16,0ec9bd8b9d66ca8d8dbc41e6a83cebd5,2023-11-17 16:59:49.036732,USD,136.36
device_65ae7ea424c57d46ac409256fe359349,27036ed8645e31c72f442518cd42880d,2023-06-30 14:29:55.222039,USD,177.14
device_0749c361d8ac7047c2f98fbcb2eadd16,c0b37d2782cdedbfb6bb7ec92076c151,2023-08-11 17:44:46.918844,USD,116.65
device_65ae7ea424c57d46ac409256fe359349,a5e82d6c5408cc2cd6b07db6a7ea818d,2023-06-09 16:24:46.866735,USD,516.54
device_af645ebf4c96eb6e430529a2a9913686,baba400be3ae822278b9c596660b6237,2024-02-16 14:24:40.325510,USD,322.66
device_c287be7e02167387bf9e7eca061ce5b5,95d8ea1f3758fa23277246892076f7dd,2024-01-15 15:14:42.529576,USD,292.2
device_af645ebf4c96eb6e430529a2a9913686,5d1c5e1ca4133b76596467de492d368e,2023-06-05 16:59:46.811143,USD,161.33
device_af645ebf4c96eb6e430529a2a9913686,a45731bca165e1bcc9d6b74a7acd1808,2023-05-25 18:15:43.091414,USD,399.74
device_6726f2a054f54836aaabe8c7643286bc,f471bcc6f30356727795e5c40127e484,2023-08-11 17:59:45.271020,USD,217.1
device_af645ebf4c96eb6e430529a2a9913686,884d5b6f0f56fc44503644bf097f2274,2023-07-12 19:09:49.987304,USD,197.31
device_af645ebf4c96eb6e430529a2a9913686,7c4ab00d9e9a1a68c1d3539fbbc09ee4,2024-03-13 16:39:43.984695,USD,17.35
device_c287be7e02167387bf9e7eca061ce5b5,4676a37520d51918a821bee75f0995f3,2023-09-22 19:04:47.578893,USD,235.43
device_0749c361d8ac7047c2f98fbcb2eadd16,3b4b6b231b6bbc61a10afef4e0214d1e,2023-05-01 16:44:44.833120,USD,212.68
device_af645ebf4c96eb6e430529a2a9913686,c840ff7b014adad10462af54e4566e5b,2023-12-15 14:49:41.675391,USD,376.23
device_af645ebf4c96eb6e430529a2a9913686,81414ad51117962e3be6f547c70b7455,2023-12-20 15:04:34.262780,USD,369.01
device_6726f2a054f54836aaabe8c7643286bc,9d40874d811362efcacc2b3f576ec82a,2023-06-19 15:34:47.728771,USD,368.35
device_c287be7e02167387bf9e7eca061ce5b5,fc49446c3e4de4d0bfb067d87ebcff80,2024-01-22 16:04:53.569334,USD,264.28
device_af645ebf4c96eb6e430529a2a9913686,aa837604c78b342e6f180fef1ac188ee,2023-11-08 16:09:59.457667,USD,250.91
device_65ae7ea424c57d46ac409256fe359349,7dcf9f71578e74a715ce38f8f514b00c,2023-05-22 17:29:50.201474,USD,386.07
device_af645ebf4c96eb6e430529a2a9913686,f48ff1c7b42b79180f3d26b0fd75d7eb,2023-06-02 14:29:47.407327,USD,217.02
device_c287be7e02167387bf9e7eca061ce5b5,529df8fd7d402311f1f91b04c74167be,2023-09-27 19:24:55.944808,USD,304.53
device_6726f2a054f54836aaabe8c7643286bc,a19b119b3aa2e819003bdcfe1a74f39e,2023-06-05 16:59:38.287504,USD,151.25
device_af645ebf4c96eb6e430529a2a9913686,676fa1e0013aeec2c8a6252f609ad90d,2023-07-31 14:09:58.701605,USD,429.63
device_c287be7e02167387bf9e7eca061ce5b5,7bd33a48e0b4939cb50a654e94518467,2023-09-22 19:04:39.864108,USD,7.27
device_af645ebf4c96eb6e430529a2a9913686,3ed2fda1605fe1b25b5618bb48af2a7b,2023-04-03 19:59:45.018888,USD,227.09
device_af645ebf4c96eb6e430529a2a9913686,bd7b356107566da38d4c5c465e041a52,2023-08-16 19:24:47.241667,USD,343.26
device_65ae7ea424c57d46ac409256fe359349,d22c918183306c99e8f4bde090e6a697,2023-07-13 06:12:11.256087,USD,152.17
device_c287be7e02167387bf9e7eca061ce5b5,875d2761a1365979b5a942fe3454f5ef,2024-02-28 16:04:36.070028,USD,205.61
device_c287be7e02167387bf9e7eca061ce5b5,b4d35e917a9133c0080acfbdb08f9f94,2023-09-25 14:49:40.742920,USD,261.45
device_6726f2a054f54836aaabe8c7643286bc,1006f404fed0a5cbaa46975e718e143b,2023-05-26 14:54:53.971772,USD,411.34
device_c287be7e02167387bf9e7eca061ce5b5,da652f2a0668c30eef51f7da62d646d7,2023-09-05 13:39:46.157200,USD,357.14
device_af645ebf4c96eb6e430529a2a9913686,eb9b6a609385bec96f1abec8d581af9f,2023-08-02 13:24:39.246387,USD,282.79
device_c287be7e02167387bf9e7eca061ce5b5,204ddfa00558abc33e5738f6f9b9fb65,2023-04-10 14:19:42.316308,USD,268.98
device_c287be7e02167387bf9e7eca061ce5b5,713503082ca857f68eac9fc19ebb8850,2023-11-24 14:14:43.827469,USD,212.66
device_af645ebf4c96eb6e430529a2a9913686,129b2826eecbba731556b604fb69a531,2024-03-01 15:29:45.755699,USD,131.08
device_0749c361d8ac7047c2f98fbcb2eadd16,599fbdc4494e51c041b2b95db959e8bd,2023-04-07 17:29:57.018964,USD,329.32
device_6726f2a054f54836aaabe8c7643286bc,88b71e5c4815c68f0f3194049a164b17,2023-09-20 13:24:53.453695,USD,232.36
device_af645ebf4c96eb6e430529a2a9913686,b8fc9f7a1341a0c2f592ace1fba82cc6,2023-08-21 14:59:40.073591,USD,566.91
device_0749c361d8ac7047c2f98fbcb2eadd16,91576d7a67d0411aa94a3cce39014205,2023-08-23 20:24:34.802978,USD,171.88
device_af645ebf4c96eb6e430529a2a9913686,51e2a5440ebb6a3bca19dbfc1b6a9dab,2023-12-29 16:10:15.236959,USD,284.26
device_af645ebf4c96eb6e430529a2a9913686,59df38742228d4ed607a837fe60b0778,2023-06-09 16:24:50.518482,USD,434.59
device_c287be7e02167387bf9e7eca061ce5b5,c0b7c26a2a54b0fc9752b38757274606,2023-06-28 17:24:41.167475,USD,179.83
device_af645ebf4c96eb6e430529a2a9913686,26c3ba32557b9f23b0d97de1f143bf63,2023-08-07 15:35:13.701656,USD,443.19
device_0749c361d8ac7047c2f98fbcb2eadd16,c4582a279cdf10009d4e587e0abd6fa7,2023-10-06 16:59:46.151641,USD,141.62
device_65ae7ea424c57d46ac409256fe359349,7d63ed0c6763cc5c41aedcff594e5b68,2023-09-13 15:39:49.069280,USD,263.03
device_65ae7ea424c57d46ac409256fe359349,c73b0716b2e30b6b93056a30ec020880,2024-03-15 15:04:43.235724,USD,237.18
device_0749c361d8ac7047c2f98fbcb2eadd16,7f7310467dfe1886ef191dc9d4eed22d,2023-08-28 16:24:45.899653,USD,303.42
device_65ae7ea424c57d46ac409256fe359349,41d30a9d8a8f49195065a829f0bd83e1,2023-10-09 14:04:38.442426,USD,434.19
device_6726f2a054f54836aaabe8c7643286bc,26a848f1f8ee950df9f372d56c258709,2023-08-02 13:24:41.266981,USD,341.54
device_af645ebf4c96eb6e430529a2a9913686,ae6edc5dd8c5d03bafbc2ead1e645310,2024-02-29 16:14:33.329908,USD,91.29
device_6726f2a054f54836aaabe8c7643286bc,525c79ec3151ab19fbf490160633f637,2024-02-12 14:44:33.563017,USD,221.84
device_af645ebf4c96eb6e430529a2a9913686,b6f3ad0bf350f32d4ac39a1bed86aa89,2023-09-06 14:19:36.285634,USD,345.97
device_6726f2a054f54836aaabe8c7643286bc,800b42ab46003b83b1f2827762f4df95,2024-03-06 18:49:42.708562,USD,128.65
device_6726f2a054f54836aaabe8c7643286bc,b29e63eedcc92683216f1ecf780404e5,2024-02-09 18:19:52.017633,USD,243.08
device_0749c361d8ac7047c2f98fbcb2eadd16,d06122c9ea7441e06318af505cd743cb,2023-09-20 13:24:50.679122,USD,163.56
device_0749c361d8ac7047c2f98fbcb2eadd16,a8b1ea35676fab3d2f13334366c172bf,2023-09-06 14:19:38.819840,USD,394.16
device_0749c361d8ac7047c2f98fbcb2eadd16,9fe1bd6079b4d433156a82c4b0d40fcc,2023-07-03 14:49:33.832431,USD,202.12
device_c287be7e02167387bf9e7eca061ce5b5,d84acc91f05bc5575fd2f10d064e84a8,2024-02-22 16:49:40.390367,USD,25.79
device_65ae7ea424c57d46ac409256fe359349,fb562c3f4fdde8a25734d5df84fc6e20,2024-02-05 17:09:41.597576,USD,70.58
device_c287be7e02167387bf9e7eca061ce5b5,192aa3d37a4bad9115ff865aa3b5d7c5,2024-03-01 15:29:48.240195,USD,222.28
device_c287be7e02167387bf9e7eca061ce5b5,98958fff415a993ccddb76cafb06e5d8,2023-12-13 15:19:40.222681,USD,218.53
device_c287be7e02167387bf9e7eca061ce5b5,06aaf56e23b64478ec13016c1cd5086f,2023-09-15 13:54:48.527853,USD,189.69
device_0749c361d8ac7047c2f98fbcb2eadd16,6de5378ae6449248cdcad9920197dd0b,2024-01-12 15:54:35.067253,USD,141.17
device_c287be7e02167387bf9e7eca061ce5b5,8acfed485d428e8e5f7c3b3c1b4d2726,2023-05-15 12:09:56.911836,USD,344.2
device_c287be7e02167387bf9e7eca061ce5b5,87ef9d57246531d86bb1c09279b5131b,2023-05-08 15:44:54.557796,USD,324.34
device_c287be7e02167387bf9e7eca061ce5b5,3bc7e80c03c9ecdf92ea7694afc9ef87,2023-08-18 14:34:32.236574,USD,167.06
device_c287be7e02167387bf9e7eca061ce5b5,b485ddc74dad375fc42dab87ec92c278,2024-03-18 12:14:47.513802,USD,365.21
device_af645ebf4c96eb6e430529a2a9913686,2325cf686d6409a2765b48b92ce75fc1,2024-03-18 12:14:47.882774,USD,292.4
device_0749c361d8ac7047c2f98fbcb2eadd16,7542f5f88c8842d5cb54c4b67707ca52,2024-03-18 12:14:46.327298,USD,252.08
device_65ae7ea424c57d46ac409256fe359349,97b31b0e94a5cfb35ebd5092644d2ee5,2024-03-18 12:14:48.176890,USD,241.99
device_6726f2a054f54836aaabe8c7643286bc,63f69f4ca7ce067c9426de6f938f23ac,2024-03-18 12:14:45.776662,USD,214.2
device_0749c361d8ac7047c2f98fbcb2eadd16,102821e84c3c8108a039095b5e6d963a,2024-03-18 12:14:44.787127,USD,262.16
device_0749c361d8ac7047c2f98fbcb2eadd16,65faa5dfeb4147742ef2d27bb6f3f76b,2023-06-05 16:59:43.908921,USD,202.58
device_65ae7ea424c57d46ac409256fe359349,3610ee611cab42836ef2dd07ab34e121,2023-11-10 17:34:42.319891,USD,161.78
device_c287be7e02167387bf9e7eca061ce5b5,286ba93c4361a4bf29b20ca5113fb30f,2023-12-22 16:44:34.657510,USD,218.6
device_65ae7ea424c57d46ac409256fe359349,8e92591c512a0937f414e0222825c76c,2023-07-07 14:49:45.967400,USD,211.49
device_0749c361d8ac7047c2f98fbcb2eadd16,68e44eb45b5449237c2cb7cc47bb2d8f,2024-01-15 15:14:44.254388,USD,222.77
device_0749c361d8ac7047c2f98fbcb2eadd16,717b9e1edef378d7d4fd2faff059090b,2023-07-12 19:09:40.924611,USD,232.83
device_6726f2a054f54836aaabe8c7643286bc,5b5b90836c3857d201180919d287625c,2023-12-08 16:14:38.319612,USD,401.25
device_0749c361d8ac7047c2f98fbcb2eadd16,c3aa63b8166475559a67a48bb65b6237,2024-01-02 15:09:40.068787,USD,252.99
device_c287be7e02167387bf9e7eca061ce5b5,a0c705a4d5eb425c6e85f11c41e2ea27,2023-07-12 19:09:48.759272,USD,204.01
device_0749c361d8ac7047c2f98fbcb2eadd16,4cb28c3a21584fc8700d6aad7d1c713f,2023-05-05 16:09:45.251820,USD,353.83
device_af645ebf4c96eb6e430529a2a9913686,3d9e5dda064776dd8024c440c7d159d0,2023-10-19 20:44:45.133125,USD,234.6
device_65ae7ea424c57d46ac409256fe359349,18c8fec94054f4ad83554c555e462264,2023-07-28 14:49:46.160236,USD,216.93
device_c287be7e02167387bf9e7eca061ce5b5,93331da6bc2c1543acd922c67a2d44cd,2023-04-17 15:55:41.430227,USD,248.87
device_0749c361d8ac7047c2f98fbcb2eadd16,9cacba504e96048c747e3d7466951807,2023-06-16 14:59:48.103088,USD,395.1
device_65ae7ea424c57d46ac409256fe359349,7b510681b826c01c3400c63685848cda,2023-09-15 13:54:47.464508,USD,181.96
device_6726f2a054f54836aaabe8c7643286bc,27fbdbfa5168783f25c1d416bf036402,2023-05-01 16:44:51.312452,USD,309.84
device_c287be7e02167387bf9e7eca061ce5b5,ea01532b855dfb98997c85d2d153927e,2024-02-16 14:24:40.833633,USD,307.77
device_6726f2a054f54836aaabe8c7643286bc,4845f51d947dbeb8c18d9663e4b36054,2023-08-30 15:19:33.959461,USD,234.52
device_af645ebf4c96eb6e430529a2a9913686,658ff94e3fc5f20a43c654dd4c5219ea,2023-05-22 17:29:54.809897,USD,401.73
device_af645ebf4c96eb6e430529a2a9913686,ce1841d085eec9ea34ddcadd23579b3b,2023-12-11 15:29:40.882050,USD,467.11
device_65ae7ea424c57d46ac409256fe359349,e5a40e01ae56d97eeb41263dd96b59b3,2023-11-20 14:59:39.773993,USD,363.03
device_65ae7ea424c57d46ac409256fe359349,0016a462dd7991ee0d4357faf1580c37,2023-10-11 16:54:36.995059,USD,192.04
device_c287be7e02167387bf9e7eca061ce5b5,07ffe4033f3b222b64726269ee259688,2023-05-01 16:44:43.293682,USD,263.09
device_af645ebf4c96eb6e430529a2a9913686,136ccc208c9d835f5ae31acb89cd06ee,2023-07-03 15:14:38.420904,USD,302.95
device_0749c361d8ac7047c2f98fbcb2eadd16,50a7d53dd1b9c270ee2c20d3df06ad7f,2023-06-05 16:59:43.840715,USD,131.08
device_c287be7e02167387bf9e7eca061ce5b5,8bd0500f4a8922c91687333421a3d77f,2024-01-05 17:59:36.523961,USD,206.85
device_0749c361d8ac7047c2f98fbcb2eadd16,f47d1f233e898a51e41526c21c5d3658,2023-10-25 18:14:45.127687,USD,171.87
device_6726f2a054f54836aaabe8c7643286bc,25dbb34f9c0307d311cd35afc884bdf2,2023-09-22 19:04:52.749672,USD,235.83
device_c287be7e02167387bf9e7eca061ce5b5,28e95ee9291eae63d8b1d2108966e046,2023-12-11 15:29:41.600070,USD,5.09
device_6726f2a054f54836aaabe8c7643286bc,b4eed67e19e8faab351991b10052d6c5,2023-09-11 17:24:39.043179,USD,272.71
device_c287be7e02167387bf9e7eca061ce5b5,ecef55d4fecafbb2eb5621ad4493527d,2023-03-24 15:34:42.043348,USD,321.64
device_6726f2a054f54836aaabe8c7643286bc,28c1621b26bdb4967c17c135c9969898,2023-11-13 14:29:34.584010,USD,409.22
device_6726f2a054f54836aaabe8c7643286bc,828485a3439c65c789420c88e4dbfce8,2023-07-31 14:10:00.890149,USD,388.89
device_65ae7ea424c57d46ac409256fe359349,9e5271644cc8d5af01c67678851fe9c3,2024-02-09 18:19:48.997071,USD,307.76
device_6726f2a054f54836aaabe8c7643286bc,99accbc5dbae939d0cf66bff5773e780,2023-04-28 18:39:34.249655,USD,487.71
device_c287be7e02167387bf9e7eca061ce5b5,c8409114d32d48429bab18844b773e66,2024-02-26 15:04:34.207567,USD,282.14
device_6726f2a054f54836aaabe8c7643286bc,fa41257290ca99768d9e3fb8f03f6538,2023-12-27 14:44:32.823405,USD,181.31
device_6726f2a054f54836aaabe8c7643286bc,32ba19c2ac63a19d2653b1392c044708,2023-06-09 16:24:43.095395,USD,464.04
device_af645ebf4c96eb6e430529a2a9913686,fa3c907368704923aeff49535c8c8888,2023-06-23 15:44:38.312410,USD,263.17
device_0749c361d8ac7047c2f98fbcb2eadd16,93453b633b0c72c08eb488ae23135ce7,2023-04-03 19:59:44.498963,USD,201.67
device_0749c361d8ac7047c2f98fbcb2eadd16,c22a3a05103c39fe8d7b1b910a169ecc,2024-03-08 15:34:40.574374,USD,313.03
device_65ae7ea424c57d46ac409256fe359349,c777998c6e215d4367e7b05b00371ef9,2023-06-13 12:14:54.532632,USD,335.68
device_0749c361d8ac7047c2f98fbcb2eadd16,cbf69469b0431469488f654e1ea3cb49,2024-01-08 17:29:35.049907,USD,267.89
device_0749c361d8ac7047c2f98fbcb2eadd16,87074f27252fee2d0bf77af2069e7eca,2023-03-24 15:34:44.619074,USD,268.36
device_c287be7e02167387bf9e7eca061ce5b5,c877f7fe10fd2eb899e89f16ba48e693,2024-03-06 18:49:46.329493,USD,142.6
device_af645ebf4c96eb6e430529a2a9913686,006f77851c2f9df13c1b07bd3bfad09b,2023-08-25 14:34:36.781720,USD,428.79
device_af645ebf4c96eb6e430529a2a9913686,0dc7b1b3eb4fca13086ca8b44ea482e8,2023-11-06 14:54:35.417063,USD,5.33
device_af645ebf4c96eb6e430529a2a9913686,8e2d9c10b42f38c4a0356689ce86bde9,2024-01-24 15:04:47.066716,USD,206.89
device_0749c361d8ac7047c2f98fbcb2eadd16,549a9855f3886cd1073471df1de537ce,2023-05-19 18:19:42.201369,USD,349.04
device_c287be7e02167387bf9e7eca061ce5b5,0c8674750933f82cdafbc9ab070ce278,2023-06-23 15:44:37.577686,USD,222.76
device_af645ebf4c96eb6e430529a2a9913686,010855b9badc56c3913bc7316c336731,2024-01-31 15:09:40.205068,USD,217.14
device_0749c361d8ac7047c2f98fbcb2eadd16,7d0ad6f20370cb3827ff9743f62a3314,2023-08-25 14:34:37.071290,USD,121.0
device_6726f2a054f54836aaabe8c7643286bc,82b40cc0699dc60289c09b3a0777308d,2023-07-21 15:59:37.753464,USD,206.24
device_af645ebf4c96eb6e430529a2a9913686,19f2617c86f95be4fd0b2325c9ef86c7,2024-02-28 16:04:33.150668,USD,306.34
device_6726f2a054f54836aaabe8c7643286bc,0b35c6a3f2a44dd340f937f004fbacc6,2023-11-10 17:35:14.195846,USD,209.46
device_65ae7ea424c57d46ac409256fe359349,9b0961bc1cd929a2231a2ccf35d33e32,2023-10-13 18:04:36.838883,USD,212.22
device_65ae7ea424c57d46ac409256fe359349,46340f4ef331f5b0b1318c894db1b957,2023-09-05 13:39:45.050853,USD,467.73
device_65ae7ea424c57d46ac409256fe359349,656b3c22e74bc3ae8308e6f7964e4e59,2023-04-07 17:29:51.082386,USD,422.6
device_af645ebf4c96eb6e430529a2a9913686,7e0d3782ebc3e996007a21a323a651b7,2023-10-09 14:04:39.303088,USD,368.83
device_65ae7ea424c57d46ac409256fe359349,7e01606c0e5ea2152805b005b6751254,2023-10-20 14:09:49.906195,USD,116.18
device_c287be7e02167387bf9e7eca061ce5b5,19d72adc6ca5e99420a38f9fd4454c06,2024-01-12 15:54:33.218438,USD,298.6
device_af645ebf4c96eb6e430529a2a9913686,2b5ad03f92c77e735c9127602d0076e8,2023-03-31 17:54:41.218525,USD,415.2
device_0749c361d8ac7047c2f98fbcb2eadd16,8c00886dd8fb1065a648f74c01c18102,2023-09-29 16:00:43.643698,USD,110.92
device_af645ebf4c96eb6e430529a2a9913686,3a7cc8ee1a1cb4e2722d411fe3c4ef4d,2024-02-09 18:19:49.401562,USD,309.22
device_c287be7e02167387bf9e7eca061ce5b5,5c49f48b3ac077335d00a5f6fd580866,2023-07-10 21:34:36.410249,USD,331.65
device_6726f2a054f54836aaabe8c7643286bc,47e511d255b71b26701e4279c91d3927,2023-11-29 15:59:40.253278,USD,328.39
device_6726f2a054f54836aaabe8c7643286bc,0cb186e81de760a1ac847e1e4cc9b019,2024-02-07 15:19:45.848504,USD,117.75
device_c287be7e02167387bf9e7eca061ce5b5,06e1ab6fa5c13fbeb08aa73cd8d487b0,2024-01-24 15:04:38.412667,USD,131.17
device_65ae7ea424c57d46ac409256fe359349,846442efb9d14f53b8f73494c2033a64,2023-10-04 15:19:40.364886,USD,227.14
device_65ae7ea424c57d46ac409256fe359349,1b896a396acd052b59d42b242057eae4,2024-01-12 15:54:38.639896,USD,186.54
device_0749c361d8ac7047c2f98fbcb2eadd16,1650285029dd699cdb8bfaa51bd7c082,2023-12-06 15:34:47.716299,USD,257.35
device_6726f2a054f54836aaabe8c7643286bc,b88c1452f57bcb444abe8fe5463fcca6,2023-12-11 15:29:37.244504,USD,484.04
device_0749c361d8ac7047c2f98fbcb2eadd16,21ef4633a2806b9cb1e9bfc00db8373e,2023-06-09 16:24:49.986384,USD,379.26
device_c287be7e02167387bf9e7eca061ce5b5,19db62cab30e0a1ee5b4b5fff95e609f,2023-07-05 16:34:36.417187,USD,161.8
device_6726f2a054f54836aaabe8c7643286bc,c3d75c1e25b998e606deec86e0ef6032,2023-04-10 14:19:38.967048,USD,283.34
device_0749c361d8ac7047c2f98fbcb2eadd16,c4c1bf5de02e1469b0c282698557e5b4,2023-04-24 16:24:38.561826,USD,313.5
device_c287be7e02167387bf9e7eca061ce5b5,4a3fafc7ce62a77829e1b029db824a95,2024-01-29 15:49:40.624263,USD,328.25
device_c287be7e02167387bf9e7eca061ce5b5,dab34eca2f72efd4a1077b664ad4ed8c,2023-08-11 17:44:48.695058,USD,96.01
device_c287be7e02167387bf9e7eca061ce5b5,2af0a9c4dac210478474477c897b70e0,2023-11-29 15:59:44.748046,USD,276.52
device_6726f2a054f54836aaabe8c7643286bc,0ea8a6876998ccd9dd028c83e46c2182,2023-08-14 19:29:41.662616,USD,307.77
device_0749c361d8ac7047c2f98fbcb2eadd16,71ab3e4ceb07d589cc5cf0a7658601a5,2023-08-14 19:29:46.221479,USD,288.04
device_6726f2a054f54836aaabe8c7643286bc,8697e93468c09612d4e5585c8b8e18e9,2024-03-04 15:14:32.932458,USD,252.08
device_65ae7ea424c57d46ac409256fe359349,c67d00ae0185ffd639c3796ed0d520a2,2023-10-02 18:29:36.577020,USD,370.93
device_af645ebf4c96eb6e430529a2a9913686,eac555c653de76d95f319a462638f408,2024-01-19 20:09:45.161710,USD,306.96
device_af645ebf4c96eb6e430529a2a9913686,991c7cdfb6711242ae37187df0ad7f52,2023-12-22 16:44:35.512356,USD,352.51
device_af645ebf4c96eb6e430529a2a9913686,4e0ccdb982ebd540ede9422326b675c7,2023-09-27 19:24:58.167976,USD,366.81
device_c287be7e02167387bf9e7eca061ce5b5,e63839b6a2d76c3ee845124795d2f677,2024-01-17 15:29:40.629042,USD,94.86
device_0749c361d8ac7047c2f98fbcb2eadd16,f9c1d66b86a14aff58d76821632cf319,2024-02-23 14:04:38.308194,USD,272.24
device_0749c361d8ac7047c2f98fbcb2eadd16,37500c6fdea17771b38d783895785069,2023-07-21 16:14:41.114389,USD,152.17
device_65ae7ea424c57d46ac409256fe359349,bfe2c0fd0ce8593fea8a527dddf0cd41,2023-10-16 16:14:45.195623,USD,364.53
device_0749c361d8ac7047c2f98fbcb2eadd16,da6dc3800dfb0eb220e0ffe63f8fc941,2023-10-27 14:14:34.174955,USD,126.28
device_af645ebf4c96eb6e430529a2a9913686,9bbf51324e1c36465ee6a370f2198eb8,2024-02-19 16:09:35.754572,USD,272.24
device_0749c361d8ac7047c2f98fbcb2eadd16,8b6c9008567b3db5c86ddb292d6ebeac,2023-03-27 17:04:51.438857,USD,177.15
device_6726f2a054f54836aaabe8c7643286bc,4b7b6a388605924fd65ae57c2e92821e,2023-10-23 17:24:43.108293,USD,292.87
device_0749c361d8ac7047c2f98fbcb2eadd16,189b85ff686b647d6991db54ecbad9bf,2023-12-22 16:44:38.059929,USD,217.02
device_6726f2a054f54836aaabe8c7643286bc,0de759ad11e4190337a2fd5bd153ef06,2023-07-07 14:49:43.752073,USD,231.92
device_af645ebf4c96eb6e430529a2a9913686,32e5ed15d65702cc55f786637a5f6602,2023-07-26 19:44:45.754745,USD,267.9
device_6726f2a054f54836aaabe8c7643286bc,649e38f935c35fd36a1b60f8bf6f8574,2024-01-17 15:14:45.743552,USD,150.01
device_0749c361d8ac7047c2f98fbcb2eadd16,c625cdff4925a3e920ea85caf6228221,2023-08-09 15:09:45.805719,USD,202.12
device_0749c361d8ac7047c2f98fbcb2eadd16,2e0543434cf95cc3fb8a2055036af1b5,2023-08-04 16:39:50.591208,USD,222.28
device_0749c361d8ac7047c2f98fbcb2eadd16,7b3e1cf2cd9734a8446e53a9d7f3753b,2023-11-13 14:29:37.651431,USD,258.27
device_0749c361d8ac7047c2f98fbcb2eadd16,55572a2cbe76441b09a8f6f4ce2a4224,2023-09-05 13:39:38.598466,USD,283.24
device_0749c361d8ac7047c2f98fbcb2eadd16,f5747e41d3ddf11503d6267fb574f15e,2023-06-23 15:44:34.419160,USD,374.46
device_c287be7e02167387bf9e7eca061ce5b5,9171cd7f446c90532a9a1af89ffb60f6,2023-12-26 17:59:34.927335,USD,146.43
device_6726f2a054f54836aaabe8c7643286bc,5ef636bd1ac3017232be14ce07308a08,2024-03-13 16:39:49.398911,USD,130.37
device_c287be7e02167387bf9e7eca061ce5b5,4ce9d1efca9fe563a714e5a7854c107d,2023-07-21 16:14:38.024071,USD,201.28
device_65ae7ea424c57d46ac409256fe359349,97769ae77b02391b94da120dffc5dc7b,2023-10-30 15:34:37.884804,USD,373.64
device_65ae7ea424c57d46ac409256fe359349,59493b5ccf8dff5f204119056a3ab731,2023-07-31 14:09:55.144859,USD,318.3
device_65ae7ea424c57d46ac409256fe359349,567c33ff94016e3d4e714d7b0102bd67,2023-09-01 19:04:56.724633,USD,241.09
device_65ae7ea424c57d46ac409256fe359349,48ac6460326a44db9139355febe8f6d2,2024-02-05 17:09:38.500817,USD,328.08
device_0749c361d8ac7047c2f98fbcb2eadd16,5ad7a1aedab3e9ad74b3e2fef0f93076,2023-07-24 14:54:56.100198,USD,328.85
device_c287be7e02167387bf9e7eca061ce5b5,fcdf152dd91b9096da769a8a561faa82,2023-08-30 15:19:35.880577,USD,247.17
device_af645ebf4c96eb6e430529a2a9913686,1edd7e9ab180946b6c4cc066c6e12c48,2023-06-21 15:09:57.435766,USD,301.48
device_af645ebf4c96eb6e430529a2a9913686,f7abe9d091f45ef2c10d3403395b1c89,2024-03-12 16:52:29.787406,USD,275.62
device_c287be7e02167387bf9e7eca061ce5b5,0b76b31051275a91bf7cb7be52600596,2023-09-29 16:00:39.629139,USD,161.79
device_6726f2a054f54836aaabe8c7643286bc,886aec913be124ae84a1958d66cc2b24,2023-06-13 12:14:52.531364,USD,372.98
device_6726f2a054f54836aaabe8c7643286bc,849c3c32689ff4f479f07a2c9c3be421,2023-07-10 21:19:38.555598,USD,374.08
device_af645ebf4c96eb6e430529a2a9913686,ba0410508330427e0694f723cceb9fea,2023-09-22 19:04:48.458759,USD,326.34
device_6726f2a054f54836aaabe8c7643286bc,4c43327bba7948beb1969e76110ba17d,2024-02-21 17:14:34.646140,USD,114.22
device_65ae7ea424c57d46ac409256fe359349,895b61fc7f82ac345e7bfa52bda60a22,2023-06-19 15:54:35.565620,USD,351.62
device_af645ebf4c96eb6e430529a2a9913686,59ab382bc0a94b31cfe14ccc0f29ea5a,2023-10-30 15:34:38.243430,USD,320.26
device_0749c361d8ac7047c2f98fbcb2eadd16,95da69eafe5cb5698a16b0b7dbb34451,2023-11-24 14:14:42.053185,USD,136.35
device_0749c361d8ac7047c2f98fbcb2eadd16,bc6582d28e14d1b0134763884b535bb8,2024-03-06 18:49:45.463306,USD,79.8
device_af645ebf4c96eb6e430529a2a9913686,cc431ce3586997609e415f0c7099d497,2023-11-15 15:49:52.026374,USD,267.97
device_65ae7ea424c57d46ac409256fe359349,f9ceb1a0f442f6f18c5ee8164828cd6f,2023-11-01 18:24:51.385367,USD,171.88
device_af645ebf4c96eb6e430529a2a9913686,3bb7cbd0d36a1b41a4b2a34d19b60afe,2023-09-05 13:39:41.197209,USD,383.95
device_af645ebf4c96eb6e430529a2a9913686,6a1aa4fb143c049b647d8bd351e7661b,2023-05-30 15:15:47.473907,USD,417.79
device_65ae7ea424c57d46ac409256fe359349,b8cd5e06e8450985c1a1eaa7510fe070,2023-12-29 16:10:14.142451,USD,217.47
device_af645ebf4c96eb6e430529a2a9913686,08cf924b636b1df475c16114104a7f58,2023-03-24 15:44:33.629153,USD,110.91
device_65ae7ea424c57d46ac409256fe359349,2c32f1119a48e35c774f387fbeb2fc46,2024-01-17 15:14:44.919109,USD,67.05
device_0749c361d8ac7047c2f98fbcb2eadd16,7f44dd4232ee707088ff9ca473646b30,2023-10-16 16:14:41.620763,USD,273.17
device_65ae7ea424c57d46ac409256fe359349,46f6c2eea15e12cde3b47e48cd97c239,2023-04-28 19:56:23.180660,USD,442.08
device_c287be7e02167387bf9e7eca061ce5b5,6b02983b146854f4a13b56b551b7c5e7,2023-05-05 16:10:12.293858,USD,463.64
device_65ae7ea424c57d46ac409256fe359349,ad5e627dbd7bcd1aac7c144ed287d6d6,2024-02-07 15:19:54.422710,USD,127.12
device_c287be7e02167387bf9e7eca061ce5b5,2cb311ef3e55f504b82a3459d6a1a2eb,2024-02-02 14:14:37.119448,USD,254.52
device_af645ebf4c96eb6e430529a2a9913686,b3d6789c586237fb3bffbabaddc3a6c6,2024-01-08 17:29:42.230688,USD,323.31
device_65ae7ea424c57d46ac409256fe359349,2d6fe032942f3c34703a9de4d7d3a69a,2023-08-28 16:24:46.592002,USD,359.09
device_65ae7ea424c57d46ac409256fe359349,5076912fd15590139f17663b6872525e,2023-07-21 16:14:37.087898,USD,200.14
device_6726f2a054f54836aaabe8c7643286bc,3ba39685c23034037a29c7001baa9c93,2023-12-29 16:09:45.422483,USD,362.42
device_c287be7e02167387bf9e7eca061ce5b5,983c11d22a1dd68fa78a10bc3d59bd87,2024-02-05 17:09:41.743220,USD,70.58
device_c287be7e02167387bf9e7eca061ce5b5,8cdc81724f70af76e741ec4ab87ecde7,2023-06-19 15:54:36.322959,USD,307.84
device_0749c361d8ac7047c2f98fbcb2eadd16,03209b0f8a9185ddc25c5c3de6864cdb,2023-11-03 14:44:44.734209,USD,292.41
device_0749c361d8ac7047c2f98fbcb2eadd16,c5335f514b32d267e874407b216c353d,2023-07-17 16:54:40.825680,USD,373.53
device_65ae7ea424c57d46ac409256fe359349,0cb244615abc9a0e2f6221af4fe40086,2023-11-03 14:44:47.419029,USD,207.4
device_65ae7ea424c57d46ac409256fe359349,e78c4eeef84e11041b3597ea8c143d98,2023-12-26 17:59:35.676986,USD,192.49
device_c287be7e02167387bf9e7eca061ce5b5,ff7f800fbc09e1587fc9db6511140c61,2024-01-02 15:09:38.353199,USD,317.94
device_65ae7ea424c57d46ac409256fe359349,cd70873b3522bcdf417a7ef6896861c3,2024-02-12 14:44:32.986342,USD,313.49
device_6726f2a054f54836aaabe8c7643286bc,6a21949799e8c78fbaae1d75544e534e,2023-07-24 14:54:53.305248,USD,303.42
device_6726f2a054f54836aaabe8c7643286bc,8f87a4bbd9160d266a1788d0b3cc8e03,2023-06-02 14:29:42.622385,USD,295.43
device_6726f2a054f54836aaabe8c7643286bc,b2ce424103dc1716f554c62ecbb72b8e,2023-10-30 15:34:36.679097,USD,267.9
device_0749c361d8ac7047c2f98fbcb2eadd16,43eb6b48a829319151ba4b70a8ab0fba,2023-12-15 14:49:34.134882,USD,237.64
device_65ae7ea424c57d46ac409256fe359349,048dfc2a62f032aaf6095a494880d9dc,2024-03-11 13:59:38.087792,USD,302.95
device_0749c361d8ac7047c2f98fbcb2eadd16,f23b484867f4399b511a72ba2ac83eb3,2023-12-18 14:59:54.715394,USD,257.8
device_65ae7ea424c57d46ac409256fe359349,c4fe7b112963c6225236125c96352811,2023-10-23 17:24:41.631120,USD,303.42
device_c287be7e02167387bf9e7eca061ce5b5,6a7ab80a50f25d37d03100ff5d9cca78,2023-09-06 14:19:37.122001,USD,67.77
device_c287be7e02167387bf9e7eca061ce5b5,a4c24bce951656c73135be28e66ac593,2023-10-16 16:14:44.160462,USD,372.45
device_65ae7ea424c57d46ac409256fe359349,5d8bb0627db6331410c00b1f096d4fbb,2023-04-03 19:59:43.198316,USD,293.79
device_6726f2a054f54836aaabe8c7643286bc,4a632689d6972f73d1d5557914607d75,2023-10-06 16:59:40.589023,USD,206.89
device_c287be7e02167387bf9e7eca061ce5b5,69ae59ef45bdbf507cb425bf47562969,2023-05-15 17:54:44.470780,USD,310.37
device_af645ebf4c96eb6e430529a2a9913686,2eefbe047987ee54cf3e7fd22e499499,2023-07-14 14:35:01.072841,USD,181.06
device_af645ebf4c96eb6e430529a2a9913686,cc760c9b0d04c4b0b078b8ec39442e60,2023-09-22 19:04:40.096583,USD,7.27
device_af645ebf4c96eb6e430529a2a9913686,ac574f1b7c8cb20d7067db3321d8a0a9,2024-01-05 17:59:35.662371,USD,338.46
device_c287be7e02167387bf9e7eca061ce5b5,b5e89eb07a314ed4654228c058711248,2023-06-02 14:29:46.848406,USD,233.92
device_c287be7e02167387bf9e7eca061ce5b5,51b8f5993faeca0912d1b6b8ce631704,2023-07-24 14:54:57.974049,USD,263.08
device_af645ebf4c96eb6e430529a2a9913686,3dcfe49b5dfba2724f6d01edbffabee0,2023-06-30 14:29:49.660271,USD,516.85
device_6726f2a054f54836aaabe8c7643286bc,1bc227faf5a13d168ac174435acd86e3,2023-09-01 18:44:34.964655,USD,217.01
device_af645ebf4c96eb6e430529a2a9913686,42cda0162223b700c990808d74332eb7,2023-11-20 14:59:40.378745,USD,488.0
device_6726f2a054f54836aaabe8c7643286bc,f76ccb94e06b25d66e989a8ec7d0a89e,2023-12-20 14:54:37.722390,USD,334.09
device_c287be7e02167387bf9e7eca061ce5b5,d0c158528a80fe7aa8a2a95a75d01553,2023-07-14 14:19:41.485234,USD,175.51
device_65ae7ea424c57d46ac409256fe359349,193045e4dd2bd4115c69e95811d7bdcc,2023-10-25 18:14:51.398997,USD,246.46
device_65ae7ea424c57d46ac409256fe359349,bc8bb470d9521af3017cdbdbbc6036e6,2024-02-21 17:14:37.862929,USD,89.94
device_6726f2a054f54836aaabe8c7643286bc,75443042884fb37251d93056c703dbfd,2023-04-17 15:55:31.830176,USD,383.71
device_0749c361d8ac7047c2f98fbcb2eadd16,16dbd06d63b6643d186ceb9560a76e01,2023-10-09 14:04:33.116027,USD,318.31
device_af645ebf4c96eb6e430529a2a9913686,a75c68ab7368376bdc00f3b854ddf0f1,2024-01-02 15:09:37.908458,USD,377.46
device_6726f2a054f54836aaabe8c7643286bc,90c7df9b4beee113fbe6d47fcb3aadbb,2023-11-22 16:15:00.917754,USD,277.78
device_6726f2a054f54836aaabe8c7643286bc,331a32b5e04d81584c91b36dc497ed2f,2023-08-21 14:44:40.476952,USD,438.93
device_0749c361d8ac7047c2f98fbcb2eadd16,0711c781c013604e686a028ed738fcd2,2023-08-18 14:19:38.095837,USD,181.95
device_65ae7ea424c57d46ac409256fe359349,3746b78579af0ae087f8f188e3e765dc,2023-06-23 15:44:39.090565,USD,273.1
device_c287be7e02167387bf9e7eca061ce5b5,828b25a564a2de089cef0bf3f39ac0d8,2023-08-15 12:09:40.391418,USD,267.11
device_6726f2a054f54836aaabe8c7643286bc,73a96f46121cb70d1768d46dd9412103,2024-01-03 17:30:19.273465,USD,212.13
device_6726f2a054f54836aaabe8c7643286bc,f19987f8a1ad0ec9b7679795268a35d8,2023-11-08 16:09:54.524363,USD,252.54
device_c287be7e02167387bf9e7eca061ce5b5,aa0fb6cc953c94a772e9c218af594456,2023-05-22 17:29:52.406513,USD,315.92
device_6726f2a054f54836aaabe8c7643286bc,1fda8702010c61336984e3820942618a,2023-05-15 12:09:46.884475,USD,363.44
device_0749c361d8ac7047c2f98fbcb2eadd16,14d8972c341c4d7c691103b6a2541adb,2023-11-27 14:49:36.710054,USD,253.75
device_65ae7ea424c57d46ac409256fe359349,9f657746d4e8d99b153b8aaa351c85a4,2023-05-15 17:54:40.514605,USD,322.67
device_65ae7ea424c57d46ac409256fe359349,c7e235a8b5ac5dfc2edf7ff5155696a4,2024-02-23 14:04:37.548594,USD,282.33
device_c287be7e02167387bf9e7eca061ce5b5,2adc0f97cefe2444fb06d179f47dee39,2023-04-21 13:59:35.729287,USD,383.83
device_65ae7ea424c57d46ac409256fe359349,00fffb7c230bee90b8c25c8a0e0ab1f5,2023-04-10 14:19:41.191712,USD,288.05
device_af645ebf4c96eb6e430529a2a9913686,054bacf4aab11e3df65fedbdb0007fe0,2023-09-13 15:39:42.512861,USD,309.23
device_c287be7e02167387bf9e7eca061ce5b5,a8199e92c2cbb73e08af51eda7e32baa,2023-11-01 18:24:46.452355,USD,215.56
device_6726f2a054f54836aaabe8c7643286bc,6e5b230e0e2def9ca304c1e3e1c413d0,2023-10-18 16:39:38.949544,USD,267.63
device_c287be7e02167387bf9e7eca061ce5b5,310f21bfad980a594f6f8d4fe22313dc,2024-01-26 16:34:38.887145,USD,362.35
device_6726f2a054f54836aaabe8c7643286bc,b4f035785c4a06fa2ad5fba13b4c7bde,2023-08-09 15:09:50.976045,USD,303.11
device_6726f2a054f54836aaabe8c7643286bc,c79f4592b4b25c69e520e0d20680fbbf,2024-02-16 14:24:37.048828,USD,221.83
device_0749c361d8ac7047c2f98fbcb2eadd16,0e4ac10c89681ed670c6a2905ac16475,2023-07-28 14:49:49.340153,USD,318.31
device_af645ebf4c96eb6e430529a2a9913686,749bab519c57b7504085e6f4515375ef,2023-07-10 21:34:36.014191,USD,462.55
device_c287be7e02167387bf9e7eca061ce5b5,d45aa9a8d81e2a9670c5b6d2678ee90a,2023-05-26 14:54:59.334031,USD,442.2
device_af645ebf4c96eb6e430529a2a9913686,abb978b490c6b4f545a903d4313394e1,2023-06-19 15:54:38.419232,USD,392.84
device_c287be7e02167387bf9e7eca061ce5b5,ce75d0f483e6a47eabdf57de23ab9568,2023-12-15 14:49:42.206777,USD,295.57
device_0749c361d8ac7047c2f98fbcb2eadd16,bd562d419c45c9425c3b0aea9e096109,2024-02-19 15:39:35.946246,USD,282.32
device_65ae7ea424c57d46ac409256fe359349,29fd11c01653e787461a95a367b53ca3,2023-05-05 16:10:11.388052,USD,465.93
device_af645ebf4c96eb6e430529a2a9913686,5c76adc8e06f3ad4c32106bcf19646c4,2023-12-06 15:34:47.319455,USD,167.05
device_af645ebf4c96eb6e430529a2a9913686,2b9b8d775e8efcfa1b31eaa476af4a19,2023-10-24 13:59:38.673591,USD,179.78
device_c287be7e02167387bf9e7eca061ce5b5,176dcd86f52e3ecb03ca544d675e8370,2023-07-03 15:04:37.673001,USD,271.4
device_c287be7e02167387bf9e7eca061ce5b5,549bbbf9e7d3ce2ae155fcc8adcaa03c,2023-12-06 15:34:41.379249,USD,198.95
device_6726f2a054f54836aaabe8c7643286bc,0559e5feef6314b0efafd623a7658f7c,2023-05-05 16:09:50.359142,USD,410.66
device_c287be7e02167387bf9e7eca061ce5b5,302456714c967727e83176bf733015a7,2023-10-23 17:24:43.557781,USD,357.4
device_0749c361d8ac7047c2f98fbcb2eadd16,2a491a05c1205333cc2082922c57fa6a,2023-07-10 21:34:35.284187,USD,313.5
device_0749c361d8ac7047c2f98fbcb2eadd16,a85108da1273b1c9e9213e3a27e32e53,2024-03-11 13:59:33.158746,USD,262.15
device_65ae7ea424c57d46ac409256fe359349,f3f84428c41609dc5942041a8e0c225e,2023-07-03 15:09:34.057360,USD,388.97
device_c287be7e02167387bf9e7eca061ce5b5,bca3733dc030c283ee628923a3da306f,2024-02-14 15:09:37.612450,USD,144.89
device_65ae7ea424c57d46ac409256fe359349,3d372fa4bf3a6bf2075649b5c586d29c,2023-05-01 16:44:44.304728,USD,353.73
device_0749c361d8ac7047c2f98fbcb2eadd16,ebc0db6890459f159031ceef1110c542,2024-01-10 15:04:36.810517,USD,176.69
device_0749c361d8ac7047c2f98fbcb2eadd16,ba831447f54889088f05e99f08a3cd09,2023-09-13 15:39:42.778763,USD,181.5
device_65ae7ea424c57d46ac409256fe359349,cae7df3ea6587351b86d03995cdbd210,2023-04-21 13:59:34.242038,USD,364.34
device_65ae7ea424c57d46ac409256fe359349,1ab9e15b41af8703a379780f2ace90fb,2023-05-08 15:44:55.218344,USD,350.81
device_c287be7e02167387bf9e7eca061ce5b5,52f6664960044dce4358aab753bf3f1e,2024-01-10 15:04:42.121632,USD,181.95
device_c287be7e02167387bf9e7eca061ce5b5,c94e23af73d3f7bfb5e951fb446dc363,2024-01-05 17:59:36.626774,USD,217.46
device_c287be7e02167387bf9e7eca061ce5b5,48469cd7026a86855fd12e18de4d0515,2023-12-08 16:34:35.430521,USD,214.7
device_6726f2a054f54836aaabe8c7643286bc,c28005f933720ada8e6bd0b068fe2237,2023-11-24 14:14:35.214580,USD,222.76
device_65ae7ea424c57d46ac409256fe359349,f6c38e5ac62d9975439f60f0cde4727d,2023-12-18 14:59:47.151581,USD,346.33
device_0749c361d8ac7047c2f98fbcb2eadd16,b6617c20f4cb98f9c3cd66dbc5e41a91,2023-09-01 18:44:37.637502,USD,131.54
device_af645ebf4c96eb6e430529a2a9913686,dd8ec3d8822c235caa09b6f457f0ab60,2023-09-01 18:44:38.108241,USD,202.12
device_65ae7ea424c57d46ac409256fe359349,38d864c11b7c6749d816322778cde5b1,2023-04-14 15:50:04.926357,USD,400.63
device_65ae7ea424c57d46ac409256fe359349,be1202ec8599f7b84cb21c9046cb42ce,2023-05-30 15:15:46.885345,USD,345.49
device_c287be7e02167387bf9e7eca061ce5b5,df677752d466ecd5ed704a12451bcbe5,2023-10-02 18:29:37.581485,USD,313.49
device_65ae7ea424c57d46ac409256fe359349,cbd150e416aaf2bfe65e0985337779ce,2024-01-24 15:04:47.583341,USD,154.93
device_65ae7ea424c57d46ac409256fe359349,c6e79186f5e70b5a07209d9c71405d96,2023-03-31 17:54:40.395948,USD,401.86
device_0749c361d8ac7047c2f98fbcb2eadd16,019b5d3d735699dcf89f6bfbaa7e2bd2,2024-02-28 16:04:37.667847,USD,145.04
device_0749c361d8ac7047c2f98fbcb2eadd16,2980e231a894dca6739cab98898e30dd,2024-02-09 18:19:50.597637,USD,342.81
device_65ae7ea424c57d46ac409256fe359349,a105b264c5b9ad572bbaf980ee52a939,2023-07-10 21:34:35.679425,USD,296.98
device_6726f2a054f54836aaabe8c7643286bc,da313b68d0264382472142a9b289512e,2024-01-26 16:34:35.882972,USD,221.82
device_6726f2a054f54836aaabe8c7643286bc,9667fae6b3b40a55ba21476eec694012,2023-06-05 16:59:38.416742,USD,244.75
device_c287be7e02167387bf9e7eca061ce5b5,d4e9e296400fce1c824d1f4fae9c5f19,2023-12-01 14:49:37.240042,USD,215.71
device_65ae7ea424c57d46ac409256fe359349,08707abd5c19fbc0a0f053aaa3290073,2023-08-23 20:24:36.064386,USD,247.68
device_0749c361d8ac7047c2f98fbcb2eadd16,c73309b1858738e67daedcb481e637a2,2023-05-30 15:15:51.046169,USD,405.18
device_6726f2a054f54836aaabe8c7643286bc,9823b9ef542a59af688d5964078ef675,2023-10-02 18:29:42.670810,USD,272.71
device_65ae7ea424c57d46ac409256fe359349,fa33d9047182492ab2087eb482b40a21,2024-01-05 17:59:34.668715,USD,402.17
device_c287be7e02167387bf9e7eca061ce5b5,c88a504c26346fc136d9d1e8abf436ec,2023-09-18 14:59:48.511710,USD,330.03
device_6726f2a054f54836aaabe8c7643286bc,e9d6550672fc7b15e505bac17cccb5cd,2024-01-02 15:09:36.482339,USD,327.92
device_af645ebf4c96eb6e430529a2a9913686,ab2b06126da5895370319b1895de1bb0,2023-11-27 14:54:37.893164,USD,453.89
device_65ae7ea424c57d46ac409256fe359349,71dc78cfe79904758fe5fb7365c19876,2023-08-11 17:44:43.586934,USD,167.06
device_6726f2a054f54836aaabe8c7643286bc,07be3d2006a1c16000d545a7799a88bc,2023-11-20 14:59:37.775986,USD,410.68
device_6726f2a054f54836aaabe8c7643286bc,e71e950bf9569a4e6661bf62b13b6a92,2023-03-31 17:54:45.466259,USD,427.51
device_65ae7ea424c57d46ac409256fe359349,8f8e8e49c66ade5c9f66c50e03b00dbb,2023-09-20 13:24:52.614584,USD,223.37
device_af645ebf4c96eb6e430529a2a9913686,6d0102148d2cf4b5d4d9ccac2acafd47,2023-05-08 15:44:55.896079,USD,326.48
device_6726f2a054f54836aaabe8c7643286bc,534886515dba8682219b37fd322393db,2024-03-15 15:04:42.678385,USD,211.74
device_65ae7ea424c57d46ac409256fe359349,1045d9864b6d62f1f6bf69941e7fe065,2023-12-06 15:34:42.241667,USD,203.19
device_c287be7e02167387bf9e7eca061ce5b5,9cb93fa2058a807f03d84461d7c1ef82,2024-02-19 16:09:34.472773,USD,292.86
device_6726f2a054f54836aaabe8c7643286bc,e8ac79f98ba3459b41fe1553c8d11a5a,2024-02-02 14:19:33.841923,USD,302.5
device_af645ebf4c96eb6e430529a2a9913686,925ebe2f30e3ce45233aa29f364f4c5c,2023-12-13 15:19:39.651334,USD,282.43
device_0749c361d8ac7047c2f98fbcb2eadd16,27ef8b26e8e07c1925fb180348b42809,2024-02-16 14:24:33.731663,USD,332.74
device_6726f2a054f54836aaabe8c7643286bc,ab85ee608bb96a8bf6ce08924983dd59,2023-10-20 14:09:36.909282,USD,156.52
device_c287be7e02167387bf9e7eca061ce5b5,02c135cc63eac47706f5ee982166cbb3,2023-11-10 17:34:42.841147,USD,213.58
device_65ae7ea424c57d46ac409256fe359349,6a08e0dc60a9f543c8848093475a0c85,2023-11-13 14:44:34.677289,USD,383.46
device_65ae7ea424c57d46ac409256fe359349,398a685ec4b4ff52b02e6a83cf15d771,2024-02-19 16:09:37.116347,USD,277.51
device_af645ebf4c96eb6e430529a2a9913686,019b1ac17546f3760efd7a849739e3a3,2023-04-28 18:39:39.932557,USD,463.69
device_af645ebf4c96eb6e430529a2a9913686,35f7fd39b07fba9c33fe94df71cac34c,2023-08-18 14:34:34.458881,USD,262.62
device_65ae7ea424c57d46ac409256fe359349,863e5fd97f6c038f853660b3493a2929,2023-03-27 17:09:34.452771,USD,385.27
device_af645ebf4c96eb6e430529a2a9913686,760a3184ff0cffc3b2c6af8525da8837,2024-03-06 18:49:40.103502,USD,140.42
device_c287be7e02167387bf9e7eca061ce5b5,244fd8cf48a7f95c150bfe367c97afb3,2024-02-21 17:14:35.545897,USD,126.08
device_c287be7e02167387bf9e7eca061ce5b5,09dbdda67bfbf10e323b0b9011e86242,2023-09-11 17:24:43.117995,USD,212.2
device_0749c361d8ac7047c2f98fbcb2eadd16,e2b4f0d6a2ff070e129d476919ba9fa8,2023-10-18 16:39:36.990666,USD,171.42
device_c287be7e02167387bf9e7eca061ce5b5,95dee33c9e97ecc3da5581bba3481530,2023-08-28 16:24:43.707661,USD,266.76
device_6726f2a054f54836aaabe8c7643286bc,8b713849f873ebbb83f9d2adc41dde7c,2023-07-03 15:59:35.428269,USD,272.7
device_af645ebf4c96eb6e430529a2a9913686,d8be783bbcc3baedf00c1fcb47217887,2023-12-26 17:59:34.247084,USD,242.44
device_af645ebf4c96eb6e430529a2a9913686,a93282b011cdeac4f50da77001b56c2a,2023-11-03 14:44:47.908520,USD,258.27
device_c287be7e02167387bf9e7eca061ce5b5,c205372019bb027b330912bf0346f9b3,2023-07-28 14:49:47.290045,USD,384.45
device_0749c361d8ac7047c2f98fbcb2eadd16,921e1fffe764224d87fbb8c6495d2a5c,2024-02-26 14:59:35.841448,USD,241.99
device_0749c361d8ac7047c2f98fbcb2eadd16,2e8c262d0826f596b7b7a0bd4b509618,2024-02-21 17:14:39.356686,USD,153.57
device_0749c361d8ac7047c2f98fbcb2eadd16,650b599ad13b3c79f0b3df019f1382a6,2023-08-02 13:24:36.934369,USD,217.47
device_af645ebf4c96eb6e430529a2a9913686,9fd1e145480ca1e04b9d8a0c63d4975d,2024-03-04 15:29:33.979104,USD,272.24
device_af645ebf4c96eb6e430529a2a9913686,cb2af8a5a9becc3621f26cd48c343376,2024-02-14 15:09:37.095845,USD,43.8
device_65ae7ea424c57d46ac409256fe359349,eabe6e77b07b9e91cab0c4faa458f2f0,2024-01-31 15:09:40.972865,USD,122.98
device_65ae7ea424c57d46ac409256fe359349,b459f4c77ea0a621a08e33451c4376dd,2023-07-19 15:44:44.520816,USD,225.88
device_65ae7ea424c57d46ac409256fe359349,34576faf0f7056107127a883b78d1c27,2023-09-01 19:04:56.817424,USD,212.66
device_65ae7ea424c57d46ac409256fe359349,8e4695a63f26a1b7c48e97250eac66ac,2024-02-02 14:44:35.953996,USD,312.57
device_af645ebf4c96eb6e430529a2a9913686,0a6394c45e6a1d37d4ea5321360f21a2,2024-01-29 15:49:40.053936,USD,308.21
device_65ae7ea424c57d46ac409256fe359349,f4f9f6cbd6057f3e240952af165fba18,2023-10-27 14:14:35.763858,USD,238.34
device_af645ebf4c96eb6e430529a2a9913686,d9cac9220505d5173ae2eedd428d8eea,2023-07-24 14:54:59.166229,USD,297.02
device_65ae7ea424c57d46ac409256fe359349,d02bbe5fc0a0e8e7d18ef45ea9317be8,2023-06-02 14:44:33.476623,USD,290.85
device_0749c361d8ac7047c2f98fbcb2eadd16,33d3b472b072b456934f4809bad3fb03,2023-09-18 14:59:50.376741,USD,257.81
device_c287be7e02167387bf9e7eca061ce5b5,e73487c7c631e001ec5c70ddc475bb13,2023-11-08 16:09:58.844195,USD,238.11
device_6726f2a054f54836aaabe8c7643286bc,a5b5c21ed48cc4aad4c5c89ae33fcd08,2023-05-15 17:54:39.651628,USD,207.51
device_c287be7e02167387bf9e7eca061ce5b5,c77c58138b1cfde862ae2fadc3a47afa,2023-06-30 14:29:55.806416,USD,136.35
device_af645ebf4c96eb6e430529a2a9913686,ba0411d9fa8a1ee9a3e7cff95c83d99a,2023-04-24 16:24:42.651703,USD,310.7
device_6726f2a054f54836aaabe8c7643286bc,f241dc57169a4dde24b20896bf62689c,2023-11-17 17:16:06.890196,USD,233.07
device_af645ebf4c96eb6e430529a2a9913686,6628bb7f8fa6d36782b98eed4e0202f3,2023-05-05 16:09:46.674834,USD,431.72
device_0749c361d8ac7047c2f98fbcb2eadd16,f17b12ddaa4563e0886bb548ae98b92b,2023-09-27 19:24:51.402509,USD,203.05
device_6726f2a054f54836aaabe8c7643286bc,3852df2593b433269f47d3fc1f7fc2ce,2023-12-15 14:49:39.094212,USD,398.6
device_c287be7e02167387bf9e7eca061ce5b5,fa915bfc9315e39ad3b887065ed7e483,2024-03-04 15:29:34.836680,USD,343.28
device_0749c361d8ac7047c2f98fbcb2eadd16,91c951130f72caea9f053b2de73fd5f3,2023-11-22 16:14:34.999165,USD,217.48
device_65ae7ea424c57d46ac409256fe359349,cff1c92d1714ef7170e7caf8a6593109,2024-02-26 15:04:33.574694,USD,307.76
device_af645ebf4c96eb6e430529a2a9913686,338570fa3e5740d56298d253811e35a2,2023-11-24 14:14:42.708140,USD,262.61
device_c287be7e02167387bf9e7eca061ce5b5,71c5b36d1e00039ab24472cc12900581,2023-07-07 14:49:47.348894,USD,230.69
device_af645ebf4c96eb6e430529a2a9913686,8cbe41b4ccdef4b69c6ec11b0e7e7562,2023-11-22 16:14:49.809717,USD,269.29
device_af645ebf4c96eb6e430529a2a9913686,ee6d259d60c24adff936583361ff4410,2023-08-30 15:19:35.246975,USD,227.55
device_0749c361d8ac7047c2f98fbcb2eadd16,4725e6217964fedff692e372c4e8d678,2024-03-01 15:29:56.194705,USD,181.5
device_af645ebf4c96eb6e430529a2a9913686,e2528ee75bf037d58f211c6de14aa7eb,2023-08-04 16:39:46.995053,USD,269.81
device_af645ebf4c96eb6e430529a2a9913686,fa57bdff27888ae5b00edd5184769e0d,2023-04-17 15:55:40.399012,USD,449.35
device_65ae7ea424c57d46ac409256fe359349,f094f59a1600f8ccc5eb03a4449e8e2f,2023-08-07 15:49:41.165779,USD,403.79
device_65ae7ea424c57d46ac409256fe359349,f5465d0b6de98ff37bc40824a4bd05eb,2023-12-01 14:49:38.199331,USD,202.13
device_af645ebf4c96eb6e430529a2a9913686,e3c691d15f6398284e6f9ee8b25100a4,2023-12-27 14:54:35.128704,USD,242.29
device_6726f2a054f54836aaabe8c7643286bc,ba0ba1570288bfd72f66cc14477ffcc2,2023-09-05 13:39:37.588148,USD,235.48
device_af645ebf4c96eb6e430529a2a9913686,6c7e86b62ffc7d6cbc749a1e8737d9b5,2023-04-07 17:30:18.010095,USD,421.87
device_af645ebf4c96eb6e430529a2a9913686,4804dc9c7b977d343333f9574e0f9b58,2024-01-03 17:30:10.278632,USD,222.63
device_c287be7e02167387bf9e7eca061ce5b5,b2850d4c7d9b37865da970e57634c5a7,2024-02-09 18:19:47.309964,USD,338.47
device_0749c361d8ac7047c2f98fbcb2eadd16,a0d5771e2ff15f93ac38b52ee9d949f8,2023-04-21 13:59:34.558750,USD,303.42
device_af645ebf4c96eb6e430529a2a9913686,0f4cc86342b9150e90e4beb1bbcdf699,2023-08-11 17:59:48.034067,USD,324.81
device_c287be7e02167387bf9e7eca061ce5b5,9f6a088085a57bf6edf95ed049dee008,2024-03-11 13:59:36.607385,USD,343.29
device_af645ebf4c96eb6e430529a2a9913686,36c71b1c3c70e56683f9df815d5bb0c3,2023-09-20 13:24:51.722582,USD,232.37
device_0749c361d8ac7047c2f98fbcb2eadd16,12340dea266dc4fa0a5da6c4e89dcd12,2023-10-30 15:34:36.385341,USD,258.28
device_c287be7e02167387bf9e7eca061ce5b5,422643123877ae15644d9e3d0026a827,2023-04-28 18:39:37.199790,USD,457.42
device_c287be7e02167387bf9e7eca061ce5b5,5e50a97b87ca31238137c9f9e50a3f98,2023-11-15 15:49:52.936389,USD,280.77
device_0749c361d8ac7047c2f98fbcb2eadd16,ca5898b3b7cf62a1d3e78d42585f6560,2024-02-05 17:09:36.758229,USD,262.62
device_c287be7e02167387bf9e7eca061ce5b5,b70666ee21956ed0c5d5e016cef88f86,2023-11-27 14:54:38.462727,USD,310.15
device_6726f2a054f54836aaabe8c7643286bc,63536432d6b942c98f5dc83d66fa4ff5,2024-02-05 17:09:41.436939,USD,70.58
device_6726f2a054f54836aaabe8c7643286bc,7285900a82e05adb2af59b1f8457af99,2023-12-26 17:59:32.710555,USD,247.73
device_6726f2a054f54836aaabe8c7643286bc,148a2a958c4f06716be535a8ba111d2e,2023-11-15 15:49:48.912302,USD,302.94
device_0749c361d8ac7047c2f98fbcb2eadd16,c181cd96d6eeeba0cfed81b400f40383,2023-08-21 14:59:41.227050,USD,389.35
device_0749c361d8ac7047c2f98fbcb2eadd16,a6c857ba3c35d582549ebcfab1b07139,2023-05-15 17:54:41.903079,USD,242.92
device_0749c361d8ac7047c2f98fbcb2eadd16,d27bc197ee8762d3243d1d58a937ff1a,2023-09-15 13:54:42.716730,USD,136.81
device_af645ebf4c96eb6e430529a2a9913686,c6418874f36b3aafb8966752300cda9f,2023-10-16 16:14:44.710384,USD,408.42
device_0749c361d8ac7047c2f98fbcb2eadd16,4d4eedd0a3ffeb4dd044bc5932ead0e7,2023-12-20 15:04:35.338071,USD,222.28
device_0749c361d8ac7047c2f98fbcb2eadd16,678f0b90951af39ea298e7c6e97eabd8,2024-03-04 15:29:32.250199,USD,352.91
device_6726f2a054f54836aaabe8c7643286bc,5702ab4342002309a17b0cf2a562684f,2024-01-19 20:09:43.347388,USD,322.65
device_af645ebf4c96eb6e430529a2a9913686,a2f033cba078a6502448af343d84e699,2023-10-06 16:59:43.610246,USD,187.23
device_af645ebf4c96eb6e430529a2a9913686,5a8092237b055f747d69f66e5f9e1243,2023-07-07 14:49:46.491571,USD,332.17
device_af645ebf4c96eb6e430529a2a9913686,7d0bbb9b18abcaa2d6b26863ba331ee8,2024-01-22 16:04:50.541809,USD,307.77
device_c287be7e02167387bf9e7eca061ce5b5,83970058b3624ac75ab64370358a147e,2023-08-04 16:39:53.129780,USD,289.3
device_c287be7e02167387bf9e7eca061ce5b5,2cc3ab3f3b573b788bc9e5d59f9a7a7d,2023-11-22 16:14:52.626733,USD,255.01
device_65ae7ea424c57d46ac409256fe359349,0ec40111c62b04d8e9a40e4f0bc47674,2023-06-30 12:46:52.263895,USD,269.5
device_6726f2a054f54836aaabe8c7643286bc,cce0b2f9a7349441f2ae2034023a0ce8,2023-04-24 16:24:40.248253,USD,373.99
device_65ae7ea424c57d46ac409256fe359349,07d1c44db46d58a591a2c693b98d2d90,2023-09-18 14:59:52.083507,USD,328.86
device_af645ebf4c96eb6e430529a2a9913686,68c2b6bd87c8b29a4d75d81444c3c699,2023-07-21 16:14:42.885910,USD,459.39
device_c287be7e02167387bf9e7eca061ce5b5,e29e1aac929f88dc50cd5b70bd0abe35,2023-10-04 15:19:41.976938,USD,180.41
device_af645ebf4c96eb6e430529a2a9913686,346eedd94f64b1655dfedebaaa1f4ccd,2023-09-08 19:05:18.505529,USD,181.96
device_6726f2a054f54836aaabe8c7643286bc,88cdab9c5c3a54345e01cb980c4d2341,2024-03-11 13:59:37.193296,USD,271.02
device_6726f2a054f54836aaabe8c7643286bc,c905fc066ae07abb1840dfbde1e3a49a,2023-07-26 19:44:44.474632,USD,397.57
device_c287be7e02167387bf9e7eca061ce5b5,74284385f959763208590cd1878369d6,2023-03-31 17:54:41.777696,USD,367.36
device_6726f2a054f54836aaabe8c7643286bc,2c1922dd8d9fe50264083af7340ce2be,2024-01-08 17:29:35.742081,USD,327.93
device_65ae7ea424c57d46ac409256fe359349,4db6ed4faa8cf8f889df8267ea0a44d8,2024-01-08 17:29:36.490799,USD,287.6
device_af645ebf4c96eb6e430529a2a9913686,aa3c3a7ae20046201530cefdd4a12aca,2023-09-25 14:49:40.251219,USD,346.47
device_c287be7e02167387bf9e7eca061ce5b5,16c7416b0bb65d0085b991d4fc1de136,2023-06-13 12:14:40.724779,USD,225.26
device_65ae7ea424c57d46ac409256fe359349,727948a064c560a7daca8c90de863d87,2023-11-27 14:49:36.007843,USD,302.86
device_af645ebf4c96eb6e430529a2a9913686,30de8b87af9b2975396e052a14e6dea1,2024-01-10 15:04:41.669292,USD,212.2
device_c287be7e02167387bf9e7eca061ce5b5,0db3bf85dda1f3d7d0df230a71f9802d,2024-02-16 14:24:40.815975,USD,27.43
device_65ae7ea424c57d46ac409256fe359349,ac91e0929421b201d123738738bb6552,2023-06-05 16:59:42.750189,USD,333.12
device_6726f2a054f54836aaabe8c7643286bc,6e699f008efcf5c09103bf2874d10bd1,2023-09-25 14:49:36.699368,USD,296.42
device_0749c361d8ac7047c2f98fbcb2eadd16,332e7d27bc2de3252dd1585ad8b7d8f6,2024-01-29 15:49:38.907225,USD,221.82
device_6726f2a054f54836aaabe8c7643286bc,efb536a72e0cf0aa8902cfdbd62b6bab,2023-08-25 14:34:32.501892,USD,416.46
device_6726f2a054f54836aaabe8c7643286bc,77ce3e5ade6aa467a93eb5767e45a424,2023-06-26 14:49:38.696339,USD,338.78
device_c287be7e02167387bf9e7eca061ce5b5,048b6223df917acd9ffc8c5bcaf64369,2023-03-27 17:09:35.058413,USD,258.38
device_6726f2a054f54836aaabe8c7643286bc,89cb881efa1d86c14ea655aee105551a,2024-02-05 17:09:41.082180,USD,313.43
device_6726f2a054f54836aaabe8c7643286bc,317ea60c6ad5ec9005785760141b02f5,2023-03-24 15:34:47.586377,USD,378.29
device_6726f2a054f54836aaabe8c7643286bc,6331a16fe67dfbafb8d33e5a88851dce,2024-03-01 15:30:03.370393,USD,181.5
device_af645ebf4c96eb6e430529a2a9913686,bd09b1f8e0f9f5c8afd899392d1beaed,2023-10-11 16:54:37.980459,USD,322.04
device_af645ebf4c96eb6e430529a2a9913686,91ba117cd82c45fea37a9ee8b735e0c1,2024-02-05 17:09:39.175788,USD,249.05
device_c287be7e02167387bf9e7eca061ce5b5,959868c2e34a0588944f6ad09c5b5fc7,2023-12-04 18:09:54.618328,USD,381.74
device_c287be7e02167387bf9e7eca061ce5b5,77a96d8c78af5b8945498bcb19061182,2023-04-24 16:24:43.355965,USD,358.42
device_65ae7ea424c57d46ac409256fe359349,c566eeb99d3a25f87d72a7f52e8c7397,2024-02-16 14:24:41.538655,USD,317.84
device_c287be7e02167387bf9e7eca061ce5b5,0d6c28c699353e0b1bb0919b7d0cbde3,2024-02-09 18:19:47.279017,USD,27.19
device_6726f2a054f54836aaabe8c7643286bc,5c0e917480592ef2cb686b772a77f73b,2023-10-09 14:04:36.071300,USD,297.0
device_65ae7ea424c57d46ac409256fe359349,0051b16cca8327242b9bbb5d566ad1fa,2024-01-10 15:04:41.258816,USD,236.35
device_af645ebf4c96eb6e430529a2a9913686,9564717daabcca1569c5038fd93a7083,2023-04-10 14:19:41.724057,USD,313.51
device_65ae7ea424c57d46ac409256fe359349,a88409d8e303c46613b366a7fdf70db5,2023-08-02 13:24:40.356557,USD,231.05
device_6726f2a054f54836aaabe8c7643286bc,d06260d5826e76bb1dbcfaa0a2d7a75a,2023-06-16 14:59:45.392889,USD,495.75
device_6726f2a054f54836aaabe8c7643286bc,5005aa70ab498968b31afc684ce9a6e9,2023-04-14 15:50:03.114225,USD,373.67
device_0749c361d8ac7047c2f98fbcb2eadd16,721b32ed5f3036343e80bbae113f463a,2024-01-17 15:14:48.913559,USD,61.19
device_c287be7e02167387bf9e7eca061ce5b5,e113ec1196d8fb4cb2e531a56745df68,2023-08-25 14:34:39.449764,USD,182.4
device_65ae7ea424c57d46ac409256fe359349,5f5ce0bb360a6e4ad15b0bb7172a89d7,2024-01-26 16:34:39.582936,USD,343.28
device_c287be7e02167387bf9e7eca061ce5b5,7b618d693b8d2805966eefdebc7b5a7b,2023-11-17 16:59:50.563045,USD,181.95
device_af645ebf4c96eb6e430529a2a9913686,7fd10d059b16ec6fe0129474f626205c,2023-04-21 13:59:34.938617,USD,341.83
device_6726f2a054f54836aaabe8c7643286bc,5a8f51295585e341bec37c0bd9a7b785,2023-12-06 15:34:44.613665,USD,207.39
device_0749c361d8ac7047c2f98fbcb2eadd16,a0e118e5e0aff3757b4c1c889f145566,2024-01-31 15:09:47.486854,USD,142.71
device_6726f2a054f54836aaabe8c7643286bc,67dc2b3a65a461e136d7da9d60b721fa,2023-12-04 18:10:03.573338,USD,612.21
device_0749c361d8ac7047c2f98fbcb2eadd16,6787e202de46045a085c7fb1d0b651b0,2024-02-14 15:09:39.270346,USD,43.69
device_0749c361d8ac7047c2f98fbcb2eadd16,0446ce60123cf038f1a51d261f4849da,2023-11-15 15:49:51.465790,USD,192.05
device_65ae7ea424c57d46ac409256fe359349,6a622b8c27c316ff61e9b9cd171272ce,2024-01-22 16:04:56.498922,USD,322.66
device_65ae7ea424c57d46ac409256fe359349,8fbaf00b1aa339cdcfe81eb2557b1237,2024-02-14 15:09:39.944265,USD,41.1
device_6726f2a054f54836aaabe8c7643286bc,09dcdf6792cbf9ff6c0b1bcc04e8ea29,2023-08-07 15:59:42.144510,USD,344.45
device_af645ebf4c96eb6e430529a2a9913686,0bea9201ff6ec0ff2356c715e029c97b,2023-12-08 16:34:34.890770,USD,514.72
device_65ae7ea424c57d46ac409256fe359349,909bf32b7c5dee6186491c0ce3ba43be,2023-11-22 16:14:47.268070,USD,241.99
device_65ae7ea424c57d46ac409256fe359349,e27bdbcd601f86416a017c233a380655,2023-05-15 12:10:00.467732,USD,352.09
device_0749c361d8ac7047c2f98fbcb2eadd16,b27d7d9eb34843c382b3340f6bde4560,2023-10-23 17:24:39.664539,USD,242.92
device_c287be7e02167387bf9e7eca061ce5b5,4dd2e6e0ed0b12f34f9f78137c505986,2023-06-21 15:09:57.653776,USD,70.58
device_0749c361d8ac7047c2f98fbcb2eadd16,bf68694bdf92d53368dece48248f3c39,2023-04-28 18:39:39.246914,USD,272.71
device_0749c361d8ac7047c2f98fbcb2eadd16,966ed6fcf436fc5e9c77ccf3d4405b2b,2023-08-30 15:19:38.021706,USD,196.84
device_65ae7ea424c57d46ac409256fe359349,cf60db79c84586746fca6e8b3f2bd048,2023-09-08 19:05:17.668890,USD,387.68
device_6726f2a054f54836aaabe8c7643286bc,bd8dcb7b3b2d6033476bca70578e9174,2023-04-03 19:59:43.128501,USD,365.47
device_6726f2a054f54836aaabe8c7643286bc,78c915be1b6f1dbab40f32efedec063c,2024-01-29 15:49:37.888153,USD,257.36
device_af645ebf4c96eb6e430529a2a9913686,53aa205120b0b39355c23ee9562364f6,2024-02-02 14:14:37.566600,USD,318.33
device_6726f2a054f54836aaabe8c7643286bc,a61ae598b0b4e12c11feb149868e000b,2023-07-12 19:04:50.880485,USD,176.68
device_65ae7ea424c57d46ac409256fe359349,60ebba0274a706b3ba1e6ea7a5e42446,2023-08-04 16:39:55.696198,USD,295.19
device_c287be7e02167387bf9e7eca061ce5b5,c63a1f56d8dd48736b6fd778170f935b,2023-05-19 18:19:42.887361,USD,387.05
device_c287be7e02167387bf9e7eca061ce5b5,71c96108c64a2c8c9003ae36c9606223,2023-11-06 15:14:39.194633,USD,321.23
device_af645ebf4c96eb6e430529a2a9913686,27666203cd27a4e24e641b4494be88b5,2023-10-04 15:19:41.252462,USD,297.95
device_c287be7e02167387bf9e7eca061ce5b5,d2448bd8d0ff3e944afd861c31f849be,2023-05-30 15:15:48.207606,USD,361.71
device_0749c361d8ac7047c2f98fbcb2eadd16,7e12dd439c51fe15dfb2c1afcb970705,2023-09-22 19:04:35.497971,USD,126.27
device_c287be7e02167387bf9e7eca061ce5b5,b1397090031f0a918e53187968a992b3,2023-11-06 15:14:39.130367,USD,7.27
device_af645ebf4c96eb6e430529a2a9913686,cc8459eff4de1dcf13d55b1bf25242a9,2023-07-17 16:54:35.927184,USD,460.38
device_65ae7ea424c57d46ac409256fe359349,134676fa774a597a243836bb0c5327f1,2023-09-29 16:00:38.688494,USD,234.46
device_6726f2a054f54836aaabe8c7643286bc,3f0dac934e6d447519a8d93ffce43563,2024-01-10 15:04:35.040342,USD,243.88
device_6726f2a054f54836aaabe8c7643286bc,88f8c7dd2a0bb361aa49735ef3531c74,2024-03-08 15:34:34.643027,USD,332.74
device_af645ebf4c96eb6e430529a2a9913686,2be5960adfaf2707bd550159ff2a9d14,2023-03-27 17:04:52.782844,USD,335.67
device_c287be7e02167387bf9e7eca061ce5b5,81a06f396a9a7bf81dd6e18ad662d06f,2023-10-27 14:14:36.289028,USD,175.43
device_6726f2a054f54836aaabe8c7643286bc,8bd6af0d582503b4c3a09dc8ffac22fc,2023-10-27 14:09:43.219418,USD,372.67
device_c287be7e02167387bf9e7eca061ce5b5,bf8152f74c87e6c3c31dd9a3d0a08753,2024-02-05 17:09:39.602988,USD,273.17
device_af645ebf4c96eb6e430529a2a9913686,743b71fbe32bc2a7884ac4d2b0a35261,2023-12-04 18:09:53.617380,USD,584.3
device_65ae7ea424c57d46ac409256fe359349,67200e62141c79a6b9bbaaea5c660651,2023-03-24 15:34:41.410836,USD,371.47
device_6726f2a054f54836aaabe8c7643286bc,28833737b675304163bcabdaa3fa8f0e,2024-02-19 15:39:37.083919,USD,191.57
device_65ae7ea424c57d46ac409256fe359349,a0c2d859ea0c5ce1837bd67e51d415d8,2023-04-24 16:24:42.040663,USD,376.22
device_af645ebf4c96eb6e430529a2a9913686,9518ed17d5e89aae0fca73b30faef00a,2024-02-26 15:04:33.951135,USD,302.95
device_6726f2a054f54836aaabe8c7643286bc,7d234b256638a06407512578b469897d,2023-05-19 18:19:35.006228,USD,578.21
device_c287be7e02167387bf9e7eca061ce5b5,8af9144cabe2faff923195e034d7cdfc,2023-10-11 16:54:35.713054,USD,203.79
device_0749c361d8ac7047c2f98fbcb2eadd16,a8347b3c4c9e7e281c50ffd39e09ac6c,2023-10-20 14:09:37.572365,USD,121.46
device_af645ebf4c96eb6e430529a2a9913686,2cecfc4041b759bc645743a109877b9c,2023-10-27 14:09:40.037736,USD,275.96
device_c287be7e02167387bf9e7eca061ce5b5,522285fec4f108079e4aca4615e162b3,2023-08-09 15:09:50.448791,USD,215.23
device_6726f2a054f54836aaabe8c7643286bc,e158a023396e7cb84ad5a835291c6deb,2023-11-03 14:44:42.369565,USD,206.93
device_af645ebf4c96eb6e430529a2a9913686,1b4ae19d7abb1902c74bc2fc028207ab,2023-06-26 14:49:42.604304,USD,279.92
device_6726f2a054f54836aaabe8c7643286bc,4dcd22263240d17e73da73f6392de4d4,2024-02-26 14:59:35.688144,USD,227.1
device_6726f2a054f54836aaabe8c7643286bc,26e3d934775db0f53244cc2051927736,2023-07-28 14:49:43.884395,USD,181.49
device_c287be7e02167387bf9e7eca061ce5b5,c8d15ff1fa643cbe6aa16a6b48e1132f,2023-08-21 15:04:35.555105,USD,350.06
device_af645ebf4c96eb6e430529a2a9913686,864b0acf83ac9fdf54d31fdcb5874956,2023-07-28 14:49:49.786576,USD,176.68
device_6726f2a054f54836aaabe8c7643286bc,f721ad12c3f9db6a79bbdbc9fdf7c1ff,2023-08-28 16:24:41.351250,USD,277.97
device_c287be7e02167387bf9e7eca061ce5b5,a329ee4d9b4ced496a7c3a15b5462182,2023-08-07 15:49:41.745579,USD,279.59
device_af645ebf4c96eb6e430529a2a9913686,b2f79d436f72c8da56af690dfe4e025e,2024-02-21 17:14:35.244652,USD,101.29
device_0749c361d8ac7047c2f98fbcb2eadd16,152ceb124ec42139b1bbb9e675c030e7,2023-05-08 15:44:51.851621,USD,187.22
device_65ae7ea424c57d46ac409256fe359349,738c76bb3d1b5068d3efbea63989c881,2023-11-15 15:49:50.619539,USD,232.32
device_c287be7e02167387bf9e7eca061ce5b5,0b476511a3ceed59a54a2ebd576a0c64,2023-10-30 15:34:38.584725,USD,336.06
device_c287be7e02167387bf9e7eca061ce5b5,ddf2bfcaaf333b88dfaa5f4f604aeff6,2024-01-08 17:29:42.689141,USD,381.36
device_af645ebf4c96eb6e430529a2a9913686,89cfcf9d0841e7c6a438abffcbccb38b,2024-03-08 15:34:38.058857,USD,324.63
device_af645ebf4c96eb6e430529a2a9913686,d2fb71d58ce5355f0e4c39398a1489a1,2023-05-26 14:54:54.672251,USD,373.53
device_65ae7ea424c57d46ac409256fe359349,b68cd134c7c91ffa010104d7567cb1a8,2023-04-17 15:55:39.294715,USD,358.41
device_65ae7ea424c57d46ac409256fe359349,56e269b1c0ae46507d141316b4cd795e,2023-06-26 14:49:39.419070,USD,333.64
device_c287be7e02167387bf9e7eca061ce5b5,8cd73b8204cf7967829092a25c2ee8f9,2023-04-07 17:29:55.039658,USD,472.84
device_65ae7ea424c57d46ac409256fe359349,aa5c2f32c2ce53d765f116ecca1fe787,2023-06-21 15:09:53.521343,USD,347.82
device_6726f2a054f54836aaabe8c7643286bc,2e3e8901971cb86301d92225b8b138d4,2023-07-17 16:54:43.599738,USD,524.7
device_6726f2a054f54836aaabe8c7643286bc,a1f7b18134baa8d0ade01922d9801f9e,2023-08-04 16:39:41.325737,USD,182.43
device_6726f2a054f54836aaabe8c7643286bc,f8ede26c76d015122c674db4df864220,2023-12-22 16:44:35.927285,USD,389.63
device_c287be7e02167387bf9e7eca061ce5b5,c8c38751a9785261aaa1e98987857915,2024-02-29 16:14:33.393412,USD,9.41
device_c287be7e02167387bf9e7eca061ce5b5,bd5cd5209105a1d01fb16d3620536442,2023-12-11 15:29:41.834245,USD,341.17
device_c287be7e02167387bf9e7eca061ce5b5,e3302fb70926ef1c55d954cfd1c308b5,2023-06-05 16:59:41.894334,USD,343.06
device_0749c361d8ac7047c2f98fbcb2eadd16,0c81fcaef86e6f558405891539f81811,2023-08-07 15:49:43.652740,USD,293.32
device_af645ebf4c96eb6e430529a2a9913686,4c6e1e98269837c46eced2cadca58cf4,2023-09-29 16:00:39.137606,USD,212.55
device_6726f2a054f54836aaabe8c7643286bc,6ef07e11fc2f472dc7e73146c0ca2154,2023-11-01 18:24:38.462578,USD,206.93
device_0749c361d8ac7047c2f98fbcb2eadd16,cb0d12dd972b74584224b5ecd89b1d64,2023-09-25 14:49:38.694578,USD,231.91
device_af645ebf4c96eb6e430529a2a9913686,d0d37734efdae64bf114e53d109ddac9,2024-01-17 15:29:41.771665,USD,219.88
device_0749c361d8ac7047c2f98fbcb2eadd16,33228a9c73b6dc9251d6f80bca97ab52,2023-09-08 19:05:11.192330,USD,171.87
device_0749c361d8ac7047c2f98fbcb2eadd16,513efc3049b04d6cd53fd8378357c057,2023-03-31 17:54:44.407238,USD,328.86
device_6726f2a054f54836aaabe8c7643286bc,a8525efbff35214e32ecadda98a6ef5b,2024-02-23 14:04:36.011291,USD,231.92
device_0749c361d8ac7047c2f98fbcb2eadd16,e7118c722395d9658dfcb30a0a6fdd16,2023-12-08 16:34:37.854319,USD,151.25
device_6726f2a054f54836aaabe8c7643286bc,c18a98d37cc952c42be83a19c204c574,2023-10-11 16:54:36.518634,USD,267.88
device_0749c361d8ac7047c2f98fbcb2eadd16,dc4b80ce724536aacdbe63d1821f10bb,2023-05-26 14:54:57.176472,USD,374.46
device_af645ebf4c96eb6e430529a2a9913686,b1f83a2a171373519e8dc19a820483e2,2024-02-05 17:09:41.669991,USD,90.75
device_0749c361d8ac7047c2f98fbcb2eadd16,bf70067c7f61e2605a936b600dfb97a5,2023-04-17 15:55:30.160218,USD,227.57
device_0749c361d8ac7047c2f98fbcb2eadd16,8603e8f6692aa32359b8e6eaa8163446,2023-11-10 17:34:40.061999,USD,137.28
device_6726f2a054f54836aaabe8c7643286bc,09853e4eb499b3e37744a1f09fef856a,2024-02-14 15:09:39.753219,USD,212.41
device_65ae7ea424c57d46ac409256fe359349,11ae40b2faeb4b704a9f76aa2138e744,2023-07-24 14:54:58.597819,USD,293.33
device_c287be7e02167387bf9e7eca061ce5b5,8991108a15803cf07a1bd08436ef2563,2024-02-07 15:19:41.503941,USD,121.99
device_c287be7e02167387bf9e7eca061ce5b5,5a19a31a8eb451dfd0b9ffe3b455c74d,2023-04-03 19:59:43.740425,USD,263.09
device_af645ebf4c96eb6e430529a2a9913686,8598e7fdf1256bfb400f5adf9b851e34,2024-01-15 15:14:42.046654,USD,318.31
device_6726f2a054f54836aaabe8c7643286bc,2117785fc53e6345e5348a668674d447,2024-01-22 16:04:56.127462,USD,272.7
device_65ae7ea424c57d46ac409256fe359349,5bda925fb13c8fee28c20ed7d31a4202,2023-12-11 15:29:39.943943,USD,267.88
device_0749c361d8ac7047c2f98fbcb2eadd16,d39378332134f5184dbeaefcd2d4d563,2023-10-13 18:04:41.148070,USD,182.43
device_0749c361d8ac7047c2f98fbcb2eadd16,9b58800799e2768e46ff7d065837c9ea,2024-02-05 17:09:42.010046,USD,40.33
device_6726f2a054f54836aaabe8c7643286bc,3d8da1f53f543a911c8d010b5fcc11ae,2023-06-23 15:39:43.400458,USD,207.49
device_af645ebf4c96eb6e430529a2a9913686,3520eb20fac78a0b27cb13dc7827e553,2023-09-11 17:24:42.816143,USD,370.92
device_65ae7ea424c57d46ac409256fe359349,486b4ad79fef8369fcd8955a00391c0e,2023-12-04 18:09:58.997287,USD,381.21
device_65ae7ea424c57d46ac409256fe359349,9499e265409811102c3b8fa05ba80ebd,2023-10-18 16:39:42.432345,USD,222.3
device_0749c361d8ac7047c2f98fbcb2eadd16,5df04a76e659d84752674a8aa41139d3,2023-07-14 14:19:39.285237,USD,177.14
device_c287be7e02167387bf9e7eca061ce5b5,9666735cb0cd4299416f10dd511a9e6e,2024-01-31 15:09:41.713189,USD,151.79
device_65ae7ea424c57d46ac409256fe359349,f43077c3121976fa771fbd3c370378de,2023-12-27 14:54:35.421821,USD,237.19
device_6726f2a054f54836aaabe8c7643286bc,9c102995ac5b1887c28c8cebe4e89c02,2023-09-29 16:00:41.486254,USD,424.59
device_c287be7e02167387bf9e7eca061ce5b5,415dd8c4ef28d3052a3ad37481160c6c,2023-10-13 18:04:38.146047,USD,308.22
device_af645ebf4c96eb6e430529a2a9913686,cf13d8144406e4411b7e80a0b2ef2d00,2023-09-15 13:54:48.016457,USD,192.04
device_6726f2a054f54836aaabe8c7643286bc,91e6f01dc110c1e6a1b7164e2c7a38ce,2024-01-31 15:09:48.646640,USD,182.04
device_65ae7ea424c57d46ac409256fe359349,b8577464944f9c3b5a2b8269b19e777e,2024-03-13 16:39:46.025385,USD,187.94
device_c287be7e02167387bf9e7eca061ce5b5,98824b70744f91bc1a5df34dc04e76ba,2023-10-06 16:59:49.092509,USD,240.66
device_c287be7e02167387bf9e7eca061ce5b5,8a012aad0040a9daab694d3b73715e79,2023-08-23 20:24:34.043197,USD,239.21
device_6726f2a054f54836aaabe8c7643286bc,e276c6b9562fd79ab3fd25691d785801,2023-09-13 15:39:40.358913,USD,219.57
device_c287be7e02167387bf9e7eca061ce5b5,899661640d694f82bebabe73b8909839,2023-07-17 16:54:36.813869,USD,360.0
device_af645ebf4c96eb6e430529a2a9913686,864b4dc3c54592676e7c20e81a1b1e13,2024-01-12 15:54:39.048225,USD,253.37
device_65ae7ea424c57d46ac409256fe359349,19ed76396f8f86a23c815a9731e1b627,2023-12-08 16:34:34.113564,USD,257.81
device_af645ebf4c96eb6e430529a2a9913686,2be0cf897b169f0760d5fe0e0338dddd,2023-06-13 12:14:44.398287,USD,489.87
device_6726f2a054f54836aaabe8c7643286bc,f9e5f2412041bbab2df9e6d9ff86bfc6,2023-05-08 15:44:53.864687,USD,284.1
device_c287be7e02167387bf9e7eca061ce5b5,23f3918af075b5366410a1cf95298ef0,2023-11-13 14:44:33.096998,USD,304.17
device_0749c361d8ac7047c2f98fbcb2eadd16,6a6383475a4c65f57f00aee9a5b30397,2023-07-05 16:34:37.232805,USD,126.73
device_6726f2a054f54836aaabe8c7643286bc,c2a2612a9ace261f18d25061aa6ed8f4,2023-07-14 14:34:56.862405,USD,272.47
device_af645ebf4c96eb6e430529a2a9913686,b976b7fda7b5f74c9f23d7f06c31ca40,2024-03-13 16:39:51.521274,USD,285.63
device_6726f2a054f54836aaabe8c7643286bc,0c8206a2bca595f57f9765a68f96efa7,2024-01-15 14:59:36.628300,USD,237.18
